solid DEMgeoFile
facet normal 0.0064147042643215302 -0.0043834995989779392 -0.9999698177947508
outer loop
vertex -0.027799999341368675 -0.041260004043579102 0.77990001440048218
vertex -0.0067400000989437103 -0.024119999259710312 0.77995997667312622
vertex -0.010859999805688858 -0.048409998416900635 0.78004002571105957
endloop
endfacet
facet normal -0.0036438962580948608 -0.0026774545203767553 -0.99998977657641663
outer loop
vertex -0.010859999805688858 -0.048409998416900635 0.78004002571105957
vertex -0.0067400000989437103 -0.024119999259710312 0.77995997667312622
vertex 0.008829999715089798 -0.049049999564886093 0.77996999025344849
endloop
endfacet
facet normal 0.011857215380356542 -0.011071091700972121 -0.99986841002802584
outer loop
vertex -0.012760000303387642 -0.021540001034736633 0.77986001968383789
vertex -0.0067400000989437103 -0.024119999259710312 0.77995997667312622
vertex -0.027799999341368675 -0.041260004043579102 0.77990001440048218
endloop
endfacet
facet normal -0.011022364264387557 -0.0067778706124521646 -0.99991628047351244
outer loop
vertex -0.048830002546310425 -0.0097700003534555435 0.7799299955368042
vertex -0.021730000153183937 -0.012529999949038029 0.77964997291564941
vertex -0.046199999749660492 -0.018470000475645065 0.77995997667312622
endloop
endfacet
facet normal 0.055039692526284732 -0.0005021855622109109 -0.99848404096223453
outer loop
vertex -0.049830000847578049 -3.0000001061125658e-05 0.77986997365951538
vertex -0.048079997301101685 0.012819999828934669 0.77995997667312622
vertex -0.048830002546310425 -0.0097700003534555435 0.7799299955368042
endloop
endfacet
facet normal 0.12783688830709528 0.21131715576233287 -0.96902156305650766
outer loop
vertex -0.048079997301101685 0.012819999828934669 0.77995997667312622
vertex -0.025150001049041748 -0.00096000003395602107 0.77997994422912598
vertex -0.024199999868869781 -0.006120000034570694 0.77898001670837402
endloop
endfacet
facet normal 0.46552573363739164 0.88503376260834699 0.0010150688057466975
outer loop
vertex -0.031890001147985458 -0.038520000874996185 0.26664000749588013
vertex -0.027799999341368675 -0.041260004043579102 0.77990001440048218
vertex -0.019340001046657562 -0.045710001140832901 0.77995002269744873
endloop
endfacet
facet normal 0.9572189004071826 0.28936343466404824 -0.00088282653399797634
outer loop
vertex -0.047679997980594635 -0.01513999979943037 0.26672002673149109
vertex -0.048830002546310425 -0.0097700003534555435 0.7799299955368042
vertex -0.046199999749660492 -0.018470000475645065 0.77995997667312622
endloop
endfacet
facet normal 0.99477099951874048 0.10212735712349856 -0.00081329174053654848
outer loop
vertex -0.049840003252029419 -0.0040199998766183853 0.26659998297691345
vertex -0.049830000847578049 -3.0000001061125658e-05 0.77986997365951538
vertex -0.048830002546310425 -0.0097700003534555435 0.7799299955368042
endloop
endfacet
facet normal -0.99074046912578384 -0.13576933351577372 -0.00010446580484579309
outer loop
vertex -0.024199999868869781 -0.006120000034570694 0.77898001670837402
vertex -0.024969998747110367 -0.00049999996554106474 0.7774999737739563
vertex -0.024999998509883881 -4.9999998736893758e-05 0.47716996073722839
endloop
endfacet
facet normal -0.13761005654313571 -0.99048647963663761 -7.7428776540056641e-05
outer loop
vertex -0.0010799999581649899 -0.024890001863241196 0.57079005241394043
vertex -0.00018999999156221747 -0.025030000135302544 0.7799299955368042
vertex -0.0067400000989437103 -0.024119999259710312 0.77995997667312622
endloop
endfacet
facet normal -0.39391643515677438 -0.91914623827066977 -0.00018651073914964018
outer loop
vertex -0.012760000303387642 -0.021540001034736633 0.77986001968383789
vertex -0.00684000039473176 -0.023990001529455185 0.35052001476287842
vertex -0.0067400000989437103 -0.024119999259710312 0.77995997667312622
endloop
endfacet
facet normal -0.70867505715871781 -0.70553496942457705 -0.00026510403455210575
outer loop
vertex -0.012760000303387642 -0.021540001034736633 0.77986001968383789
vertex -0.021730000153183937 -0.012529999949038029 0.77964997291564941
vertex -0.012489999644458294 -0.021649999544024467 0.3508400022983551
endloop
endfacet
facet normal -0.14444291815414484 -0.9895130987964651 -0.00026590474219821133
outer loop
vertex -0.0010799999581649899 -0.024890001863241196 0.57079005241394043
vertex -0.0067400000989437103 -0.024119999259710312 0.77995997667312622
vertex -0.00684000039473176 -0.023990001529455185 0.35052001476287842
endloop
endfacet
facet normal 0.55891302026556777 0.82922375366704681 -0.0020499102306604576
outer loop
vertex -0.019340001046657562 -0.045710001140832901 0.77995002269744873
vertex -0.023269999772310257 -0.044330000877380371 0.26666000485420227
vertex -0.031890001147985458 -0.038520000874996185 0.26664000749588013
endloop
endfacet
facet normal 0.21704452874727573 0.97616086456757434 -0.0012802451166942924
outer loop
vertex -0.002360000042244792 -0.049850001931190491 0.77875000238418579
vertex -0.007089999970048666 -0.049469999969005585 0.26659998297691345
vertex -0.014960000291466713 -0.047720000147819519 0.26670998334884644
endloop
endfacet
facet normal 0.98165160560657561 0.1906832016795644 0.00020446824378354573
outer loop
vertex -0.047679997980594635 -0.01513999979943037 0.26672002673149109
vertex -0.049840003252029419 -0.0040199998766183853 0.26659998297691345
vertex -0.048830002546310425 -0.0097700003534555435 0.7799299955368042
endloop
endfacet
facet normal -0.31469642801154468 -0.66757050252773842 -0.67477091101472164
outer loop
vertex -0.0088700000196695328 -0.019940000027418137 0.34745997190475464
vertex -0.00684000039473176 -0.023990001529455185 0.35052001476287842
vertex -0.012489999644458294 -0.021649999544024467 0.3508400022983551
endloop
endfacet
facet normal -0.01788191769843725 -0.16837053890682072 -0.98556156512297755
outer loop
vertex -0.0088700000196695328 -0.019940000027418137 0.34745997190475464
vertex 0.0051299999468028545 -0.021309999749064445 0.34744000434875488
vertex 0 -0.022169999778270721 0.34768000245094299
endloop
endfacet
facet normal -0.53038767819051957 -0.38319042277596216 -0.75621029529916417
outer loop
vertex -0.020509999245405197 -0.013060000725090504 0.349729984998703
vertex -0.02054000087082386 -0.009190000593662262 0.34779000282287598
vertex -0.015210000798106194 -0.017119999974966049 0.34806999564170837
endloop
endfacet
facet normal -0.15611584860815514 -0.13945611651370177 -0.97784448322842854
outer loop
vertex -0.0088700000196695328 -0.019940000027418137 0.34745997190475464
vertex -0.015210000798106194 -0.017119999974966049 0.34806999564170837
vertex -0.02054000087082386 -0.009190000593662262 0.34779000282287598
endloop
endfacet
facet normal -0.043448473125874208 -0.021953294883195813 -0.99881443873564502
outer loop
vertex -0.020759999752044678 0.0063199996948242188 0.3474000096321106
vertex -0.0082900002598762512 -0.010169999673962593 0.34722000360488892
vertex -0.0088700000196695328 -0.019940000027418137 0.34745997190475464
endloop
endfacet
facet normal -0.26412436112834042 -0.7604157424011847 -0.593301121326263
outer loop
vertex -0.0039400001987814903 -0.009270000271499157 0.34412997961044312
vertex 0 -0.012870000675320625 0.34698998928070068
vertex -0.0082900002598762512 -0.010169999673962593 0.34722000360488892
endloop
endfacet
facet normal -0.99828061339239127 -0.058495103044369834 -0.0037602984907334361
outer loop
vertex -0.024939998984336853 0.00050999998347833753 0.45252999663352966
vertex -0.024149999022483826 -0.0064300000667572021 0.35075998306274414
vertex -0.024999998509883881 -4.9999998736893758e-05 0.47716996073722839
endloop
endfacet
facet normal -0.69688885156354263 -0.15896442661553054 -0.6993398598944881
outer loop
vertex -0.023180000483989716 -7.9999997979030013e-05 0.34834998846054077
vertex -0.02054000087082386 -0.009190000593662262 0.34779000282287598
vertex -0.024149999022483826 -0.0064300000667572021 0.35075998306274414
endloop
endfacet
facet normal -0.29969010202334823 -0.028229293681718115 -0.95361887026603365
outer loop
vertex -0.020759999752044678 0.0063199996948242188 0.3474000096321106
vertex -0.02054000087082386 -0.009190000593662262 0.34779000282287598
vertex -0.023180000483989716 -7.9999997979030013e-05 0.34834998846054077
endloop
endfacet
facet normal -0.10539285943205477 -0.068870542068705687 -0.99204293940126287
outer loop
vertex -0.020759999752044678 0.0063199996948242188 0.3474000096321106
vertex -0.012769998982548714 -0.0031699999235570431 0.34720999002456665
vertex -0.0082900002598762512 -0.010169999673962593 0.34722000360488892
endloop
endfacet
facet normal -0.65309690723153879 -0.41888438695438107 -0.63087264969282897
outer loop
vertex -0.0078100003302097321 -0.0063700000755488873 0.34419998526573181
vertex -0.0082900002598762512 -0.010169999673962593 0.34722000360488892
vertex -0.012769998982548714 -0.0031699999235570431 0.34720999002456665
endloop
endfacet
facet normal -0.63595346958005183 -0.32916292686410115 -0.69800784530501681
outer loop
vertex -0.0096100000664591789 -0.0028499998152256012 0.34418001770973206
vertex -0.0078100003302097321 -0.0063700000755488873 0.34419998526573181
vertex -0.012769998982548714 -0.0031699999235570431 0.34720999002456665
endloop
endfacet
facet normal -0.69395324140798509 0.095898829939564278 -0.71360515213637099
outer loop
vertex -0.0085499994456768036 0.0054899998940527439 0.34426999092102051
vertex -0.0096100000664591789 -0.0028499998152256012 0.34418001770973206
vertex -0.012769998982548714 -0.0031699999235570431 0.34720999002456665
endloop
endfacet
facet normal -0.4134475349430482 -0.53393429722725128 -0.73754681349318996
outer loop
vertex -0.0078100003302097321 -0.0063700000755488873 0.34419998526573181
vertex -0.0039400001987814903 -0.009270000271499157 0.34412997961044312
vertex -0.0082900002598762512 -0.010169999673962593 0.34722000360488892
endloop
endfacet
facet normal -0.23299348587140212 -0.97247820943033536 0.0004095420146059035
outer loop
vertex -7.9999997979030013e-05 -0.010069999843835831 0.20068000257015228
vertex -0.00012000000424450263 -0.010000000707805157 0.34413999319076538
vertex -0.0051299999468028545 -0.0088599994778633118 0.20087997615337372
endloop
endfacet
facet normal -0.97158391038562475 -0.23669321329035872 -0.0010138353234707218
outer loop
vertex -0.0096100000664591789 -0.0028499998152256012 0.34418001770973206
vertex -0.010139999911189079 -6.0000002122251317e-05 0.20072999596595764
vertex -0.009100000374019146 -0.0043299999088048935 0.20095999538898468
endloop
endfacet
facet normal 0.19470041111910971 0.8442040334153027 0.49941095289889692
outer loop
vertex -0.007089999970048666 -0.049469999969005585 0.26659998297691345
vertex -0.0048600002191960812 -0.010679999366402626 0.20015999674797058
vertex -0.014960000291466713 -0.047720000147819519 0.26670998334884644
endloop
endfacet
facet normal 0.71963710480396204 0.48609156231680234 0.49581995767998432
outer loop
vertex -0.0096199996769428253 -0.0066299997270107269 0.20017001032829285
vertex -0.044439997524023056 -0.022839998826384544 0.26659998297691345
vertex -0.037450000643730164 -0.033270001411437988 0.26668000221252441
endloop
endfacet
facet normal 0.5961499256464714 0.62753602710654521 0.50080315577583967
outer loop
vertex -0.0096199996769428253 -0.0066299997270107269 0.20017001032829285
vertex -0.037450000643730164 -0.033270001411437988 0.26668000221252441
vertex -0.031890001147985458 -0.038520000874996185 0.26664000749588013
endloop
endfacet
facet normal -0.75208249533928251 -0.65906379948294214 -0.0026131236760505165
outer loop
vertex -0.0078100003302097321 -0.0063700000755488873 0.34419998526573181
vertex -0.009100000374019146 -0.0043299999088048935 0.20095999538898468
vertex -0.0051299999468028545 -0.0088599994778633118 0.20087997615337372
endloop
endfacet
facet normal 0.80092053440010658 0.32921350184838022 0.50014474682533083
outer loop
vertex -0.047679997980594635 -0.01513999979943037 0.26672002673149109
vertex -0.044439997524023056 -0.022839998826384544 0.26659998297691345
vertex -0.0096199996769428253 -0.0066299997270107269 0.20017001032829285
endloop
endfacet
facet normal 0.85116518450562206 0.17069309693136583 0.4963685076085001
outer loop
vertex -0.011390000581741333 -0.0021399999968707561 0.20002000033855438
vertex -0.049840003252029419 -0.0040199998766183853 0.26659998297691345
vertex -0.047679997980594635 -0.01513999979943037 0.26672002673149109
endloop
endfacet
facet normal 0.5605726394483217 0.65760142827002976 0.5033077363195988
outer loop
vertex -0.031890001147985458 -0.038520000874996185 0.26664000749588013
vertex -0.0048600002191960812 -0.010679999366402626 0.20015999674797058
vertex -0.0096199996769428253 -0.0066299997270107269 0.20017001032829285
endloop
endfacet
facet normal -0.052978788004852388 -0.37412483477741815 0.92586384313478109
outer loop
vertex -0.0051299999468028545 -0.0088599994778633118 0.20087997615337372
vertex -0.0048600002191960812 -0.010679999366402626 0.20015999674797058
vertex -7.9999997979030013e-05 -0.010069999843835831 0.20068000257015228
endloop
endfacet
facet normal -0.51138064689979001 -0.17347133948657406 0.8416635481907756
outer loop
vertex -0.009100000374019146 -0.0043299999088048935 0.20095999538898468
vertex -0.011390000581741333 -0.0021399999968707561 0.20002000033855438
vertex -0.0096199996769428253 -0.0066299997270107269 0.20017001032829285
endloop
endfacet
facet normal -0.42487004524317484 -0.38680496938896641 0.81845425059135912
outer loop
vertex -0.009100000374019146 -0.0043299999088048935 0.20095999538898468
vertex -0.0048600002191960812 -0.010679999366402626 0.20015999674797058
vertex -0.0051299999468028545 -0.0088599994778633118 0.20087997615337372
endloop
endfacet
facet normal -0.005073185267388966 -0.003570111521254464 -0.99998075836236389
outer loop
vertex -0.0067400000989437103 -0.024119999259710312 0.77995997667312622
vertex -0.00018999999156221747 -0.025030000135302544 0.7799299955368042
vertex 0.008829999715089798 -0.049049999564886093 0.77996999025344849
endloop
endfacet
facet normal 0.004331303843311987 -3.855046146553545e-05 -0.99999061911643894
outer loop
vertex -0.00018999999156221747 -0.025030000135302544 0.7799299955368042
vertex 0.0067400000989437103 -0.024119999259710312 0.77995997667312622
vertex 0.008829999715089798 -0.049049999564886093 0.77996999025344849
endloop
endfacet
facet normal -0.0062542647346105866 0.013244491883479247 -0.99989272805005336
outer loop
vertex 0.008829999715089798 -0.049049999564886093 0.77996999025344849
vertex 0.040029998868703842 -0.02979000099003315 0.78002995252609253
vertex 0.017020000144839287 -0.046689998358488083 0.77995002269744873
endloop
endfacet
facet normal -0.052390728334123636 0.076041367297865231 -0.99572733318117324
outer loop
vertex 0.040029998868703842 -0.02979000099003315 0.78002995252609253
vertex 0.02549000084400177 -0.042949996888637543 0.77978998422622681
vertex 0.017020000144839287 -0.046689998358488083 0.77995002269744873
endloop
endfacet
facet normal -0.52425843861573773 0.59042348513923348 -0.61363930589250071
outer loop
vertex 0.040029998868703842 -0.02979000099003315 0.78002995252609253
vertex 0.031679999083280563 -0.038680002093315125 0.77861005067825317
vertex 0.02549000084400177 -0.042949996888637543 0.77978998422622681
endloop
endfacet
facet normal 0.048875101177048644 0.029152654551545306 -0.99837936037236441
outer loop
vertex 0.021710000932216644 -0.012430000118911266 0.77964001893997192
vertex 0.024149999022483826 -0.0065900003537535667 0.7799299955368042
vertex 0.040029998868703842 -0.02979000099003315 0.78002995252609253
endloop
endfacet
facet normal -0.40394415305111397 0.91478335931569166 -0.00072576505601616443
outer loop
vertex 0.017020000144839287 -0.046689998358488083 0.77995002269744873
vertex 0.02549000084400177 -0.042949996888637543 0.77978998422622681
vertex 0.016809999942779541 -0.047189999371767044 0.26660999655723572
endloop
endfacet
facet normal -0.72893117461979851 0.68458685771115657 0.00042061450940569784
outer loop
vertex 0.040029998868703842 -0.02979000099003315 0.78002995252609253
vertex 0.04149000346660614 -0.02792000025510788 0.26664999127388
vertex 0.031679999083280563 -0.038680002093315125 0.77861005067825317
endloop
endfacet
facet normal -0.27688822944247282 0.960901846735566 0.00074117230892869178
outer loop
vertex 0.017020000144839287 -0.046689998358488083 0.77995002269744873
vertex 0.0047500003129243851 -0.049830000847578049 0.26700001955032349
vertex 0.008829999715089798 -0.049049999564886093 0.77996999025344849
endloop
endfacet
facet normal 0.39391626269909352 -0.91914630961784594 -0.00019873870710676911
outer loop
vertex 0.0069199996069073677 -0.02395000122487545 0.35051000118255615
vertex 0.012760000303387642 -0.021540001034736633 0.77986001968383789
vertex 0.0067400000989437103 -0.024119999259710312 0.77995997667312622
endloop
endfacet
facet normal -0.071207491989823249 0.99746107189400068 -0.000950337093019754
outer loop
vertex 0.008829999715089798 -0.049049999564886093 0.77996999025344849
vertex 0.0047500003129243851 -0.049830000847578049 0.26700001955032349
vertex -0.002360000042244792 -0.049850001931190491 0.77875000238418579
endloop
endfacet
facet normal 0.61635106250188854 -0.78747148085475738 -0.00018599249632426872
outer loop
vertex 0.017729999497532845 -0.017650000751018524 0.77986001968383789
vertex 0.012760000303387642 -0.021540001034736633 0.77986001968383789
vertex 0.012489999644458294 -0.021649999544024467 0.3508400022983551
endloop
endfacet
facet normal 0.90843160336833806 -0.41803305036944416 -0.00062514034277340194
outer loop
vertex 0.024129999801516533 -0.0065300003625452518 0.3509499728679657
vertex 0.021710000932216644 -0.012430000118911266 0.77964001893997192
vertex 0.021180000156164169 -0.012939999811351299 0.35050001740455627
endloop
endfacet
facet normal 0.79522046623692333 -0.6063203822422335 -6.4463650661957957e-05
outer loop
vertex 0.021710000932216644 -0.012430000118911266 0.77964001893997192
vertex 0.017729999497532845 -0.017650000751018524 0.77986001968383789
vertex 0.017680000513792038 -0.017669999971985817 0.35117998719215393
endloop
endfacet
facet normal -0.56785796648803599 0.8231265199667982 -0.0002490450176629491
outer loop
vertex 0.031679999083280563 -0.038680002093315125 0.77861005067825317
vertex 0.029020000249147415 -0.040670000016689301 0.26657998561859131
vertex 0.02549000084400177 -0.042949996888637543 0.77978998422622681
endloop
endfacet
facet normal 0.38166810051102878 -0.92429944338508074 -3.2144833958120288e-06
outer loop
vertex 0.012489999644458294 -0.021649999544024467 0.3508400022983551
vertex 0.012760000303387642 -0.021540001034736633 0.77986001968383789
vertex 0.0069199996069073677 -0.02395000122487545 0.35051000118255615
endloop
endfacet
facet normal -0.96244328657429734 0.27146736308460701 -0.0028967063977950575
outer loop
vertex 0.046709999442100525 -0.0177800003439188 0.2666199803352356
vertex 0.049750000238418579 -0.0047699999995529652 0.47581002116203308
vertex 0.049040000885725021 -0.0095199998468160629 0.26656001806259155
endloop
endfacet
facet normal 0.090348880620258795 -0.72845817045914552 -0.67910659963070641
outer loop
vertex 0 -0.022169999778270721 0.34768000245094299
vertex 0.0051299999468028545 -0.021309999749064445 0.34744000434875488
vertex 0.0069199996069073677 -0.02395000122487545 0.35051000118255615
endloop
endfacet
facet normal 0.3040730608557245 -0.62317864694298775 -0.72054697810492396
outer loop
vertex 0.015210000798106194 -0.017119999974966049 0.34806999564170837
vertex 0.012489999644458294 -0.021649999544024467 0.3508400022983551
vertex 0.0051299999468028545 -0.021309999749064445 0.34744000434875488
endloop
endfacet
facet normal 0.6120939654830605 -0.53644688778163141 -0.58100405679188138
outer loop
vertex 0.021180000156164169 -0.012939999811351299 0.35050001740455627
vertex 0.017680000513792038 -0.017669999971985817 0.35117998719215393
vertex 0.015210000798106194 -0.017119999974966049 0.34806999564170837
endloop
endfacet
facet normal 0.037612999388013074 -0.030395012081448937 -0.9988300183302492
outer loop
vertex 0 -0.012870000675320625 0.34698998928070068
vertex 0.0082900002598762512 -0.010169999673962593 0.34722000360488892
vertex 0.0051299999468028545 -0.021309999749064445 0.34744000434875488
endloop
endfacet
facet normal 0.07983206521358284 -0.042313308372430317 -0.99590984797737281
outer loop
vertex 0.0051299999468028545 -0.021309999749064445 0.34744000434875488
vertex 0.0082900002598762512 -0.010169999673962593 0.34722000360488892
vertex 0.015210000798106194 -0.017119999974966049 0.34806999564170837
endloop
endfacet
facet normal 0.74605050577349385 -0.30167556094471543 -0.5936333032805734
outer loop
vertex 0.02054000087082386 -0.009190000593662262 0.34779000282287598
vertex 0.024129999801516533 -0.0065300003625452518 0.3509499728679657
vertex 0.021180000156164169 -0.012939999811351299 0.35050001740455627
endloop
endfacet
facet normal 0.0519609024407117 -0.070097926241760367 -0.99618589899383314
outer loop
vertex 0.0082900002598762512 -0.010169999673962593 0.34722000360488892
vertex 0.02054000087082386 -0.009190000593662262 0.34779000282287598
vertex 0.015210000798106194 -0.017119999974966049 0.34806999564170837
endloop
endfacet
facet normal 0.054467321235452108 -0.025871455550846089 -0.99818033375994475
outer loop
vertex 0.012769998982548714 -0.0031699999235570431 0.34720999002456665
vertex 0.020759999752044678 0.0063199996948242188 0.3474000096321106
vertex 0.02054000087082386 -0.009190000593662262 0.34779000282287598
endloop
endfacet
facet normal 0.12351301061578711 -0.69662922648275016 -0.706719362278033
outer loop
vertex -0.00012000000424450263 -0.010000000707805157 0.34413999319076538
vertex 0.0039400001987814903 -0.009270000271499157 0.34412997961044312
vertex 0 -0.012870000675320625 0.34698998928070068
endloop
endfacet
facet normal -0.65916190326326318 0.75200088668512666 0.00050170821761490322
outer loop
vertex 0.036309998482465744 -0.034280002117156982 0.26658999919891357
vertex 0.029020000249147415 -0.040670000016689301 0.26657998561859131
vertex 0.031679999083280563 -0.038680002093315125 0.77861005067825317
endloop
endfacet
facet normal 0.74949065452951236 -0.66198352539382266 0.0064475483782161259
outer loop
vertex 0.0089900000020861626 -0.0049499999731779099 0.2006399929523468
vertex 0.0096100000664591789 -0.0028499998152256012 0.34418001770973206
vertex 0.0039400001987814903 -0.009270000271499157 0.34412997961044312
endloop
endfacet
facet normal 0.17696186233370709 -0.98421678765834253 -0.0013469116077261633
outer loop
vertex 0.0051299999468028545 -0.0088599994778633118 0.20087997615337372
vertex 0.0039400001987814903 -0.009270000271499157 0.34412997961044312
vertex -0.00012000000424450263 -0.010000000707805157 0.34413999319076538
endloop
endfacet
facet normal -0.99546343707629326 0.095137068454697493 0.0012180517636803832
outer loop
vertex 0.049970000982284546 0.00020999999833293259 0.26664000749588013
vertex 0.049040000885725021 -0.0095199998468160629 0.26656001806259155
vertex 0.049750000238418579 -0.0047699999995529652 0.47581002116203308
endloop
endfacet
facet normal 0.97424938406184514 -0.22547130754288447 -0.00090946688633079624
outer loop
vertex 0.010049999691545963 -0.00037000002339482307 0.20068998634815216
vertex 0.0096100000664591789 -0.0028499998152256012 0.34418001770973206
vertex 0.0089900000020861626 -0.0049499999731779099 0.2006399929523468
endloop
endfacet
facet normal -0.1704124929253516 0.85168792107439006 0.49556762137063642
outer loop
vertex 0.001829999964684248 -0.011470000259578228 0.20006999373435974
vertex 0.0047500003129243851 -0.049830000847578049 0.26700001955032349
vertex 0.016809999942779541 -0.047189999371767044 0.26660999655723572
endloop
endfacet
facet normal 0.71175654978765512 -0.70241539431786226 0.0039022634015854177
outer loop
vertex 0.0089900000020861626 -0.0049499999731779099 0.2006399929523468
vertex 0.0039400001987814903 -0.009270000271499157 0.34412997961044312
vertex 0.0051299999468028545 -0.0088599994778633118 0.20087997615337372
endloop
endfacet
facet normal -0.86264613877206597 0.078344294642669371 0.49970372297851451
outer loop
vertex 0.01153000071644783 0.0016799999866634607 0.2000499814748764
vertex 0.049040000885725021 -0.0095199998468160629 0.26656001806259155
vertex 0.049970000982284546 0.00020999999833293259 0.26664000749588013
endloop
endfacet
facet normal -0.67267720250140328 0.5431326844991835 0.50250598828630544
outer loop
vertex 0.04149000346660614 -0.02792000025510788 0.26664999127388
vertex 0.0066199996508657932 -0.0097200004383921623 0.20029999315738678
vertex 0.036309998482465744 -0.034280002117156982 0.26658999919891357
endloop
endfacet
facet normal -0.040521750288848947 -0.44506949660445799 0.89457874496646872
outer loop
vertex -7.9999997979030013e-05 -0.010069999843835831 0.20068000257015228
vertex -0.0048600002191960812 -0.010679999366402626 0.20015999674797058
vertex 0.001829999964684248 -0.011470000259578228 0.20006999373435974
endloop
endfacet
facet normal 0.10953347965801573 -0.41831420669142472 0.90167379983790763
outer loop
vertex 0.0051299999468028545 -0.0088599994778633118 0.20087997615337372
vertex 0.001829999964684248 -0.011470000259578228 0.20006999373435974
vertex 0.0066199996508657932 -0.0097200004383921623 0.20029999315738678
endloop
endfacet
facet normal 0.24119345627616529 -0.21962658052749504 0.94529883199724596
outer loop
vertex 0.010560000315308571 -0.005350000225007534 0.20031000673770905
vertex 0.0051299999468028545 -0.0088599994778633118 0.20087997615337372
vertex 0.0066199996508657932 -0.0097200004383921623 0.20029999315738678
endloop
endfacet
facet normal 0.17640841233186247 -0.11414595170894047 0.97767621110826453
outer loop
vertex 0.0089900000020861626 -0.0049499999731779099 0.2006399929523468
vertex 0.0051299999468028545 -0.0088599994778633118 0.20087997615337372
vertex 0.010560000315308571 -0.005350000225007534 0.20031000673770905
endloop
endfacet
facet normal -0.0061917980325944758 -0.011752082843141576 -0.99991177120082519
outer loop
vertex -0.024229999631643295 0.0070600002072751522 0.77987998723983765
vertex -0.025150001049041748 -0.00096000003395602107 0.77997994422912598
vertex -0.048079997301101685 0.012819999828934669 0.77995997667312622
endloop
endfacet
facet normal 0.83762966028063091 -0.35539853843415159 -0.41481131987570424
outer loop
vertex -0.042419999837875366 0.026370000094175339 0.77977997064590454
vertex -0.048079997301101685 0.012819999828934669 0.77995997667312622
vertex -0.046199999749660492 0.018990000709891319 0.77846997976303101
endloop
endfacet
facet normal -0.0010691062394374096 -0.012836896715320465 -0.99991703210544858
outer loop
vertex -0.048079997301101685 0.012819999828934669 0.77995997667312622
vertex -0.042419999837875366 0.026370000094175339 0.77977997064590454
vertex -0.021480001509189606 0.012939999811351299 0.7799299955368042
endloop
endfacet
facet normal -0.021099417611162057 -0.0026569259233994321 -0.99977385208911485
outer loop
vertex -0.021480001509189606 0.012939999811351299 0.7799299955368042
vertex -0.027719998732209206 0.036140002310276031 0.78000003099441528
vertex -0.016520000994205475 0.018699999898672104 0.77981001138687134
endloop
endfacet
facet normal 0.010996901586741246 0.0059763186361965768 -0.9999216728179513
outer loop
vertex -0.042419999837875366 0.026370000094175339 0.77977997064590454
vertex -0.027719998732209206 0.036140002310276031 0.78000003099441528
vertex -0.021480001509189606 0.012939999811351299 0.7799299955368042
endloop
endfacet
facet normal 0.02945422710836192 -0.021808046066171705 -0.99932820316061566
outer loop
vertex -0.036120001226663589 0.034419998526573181 0.77978998422622681
vertex -0.027719998732209206 0.036140002310276031 0.78000003099441528
vertex -0.042419999837875366 0.026370000094175339 0.77977997064590454
endloop
endfacet
facet normal 0.0082095389747840405 0.023532610619524143 -0.99968936160551969
outer loop
vertex -0.027719998732209206 0.036140002310276031 0.78000003099441528
vertex 0.0004400000034365803 0.025040000677108765 0.77996999025344849
vertex -0.0075099999085068703 0.023990001529455185 0.77987998723983765
endloop
endfacet
facet normal 0.021394734990473639 0.017587384089431911 -0.99961640104370941
outer loop
vertex -0.036120001226663589 0.034419998526573181 0.77978998422622681
vertex -0.030579999089241028 0.039049997925758362 0.77999001741409302
vertex -0.027719998732209206 0.036140002310276031 0.78000003099441528
endloop
endfacet
facet normal -0.40174240118667903 -0.39767880553090268 -0.82489672730607677
outer loop
vertex -0.029200000688433647 0.040559999644756317 0.77858996391296387
vertex -0.027719998732209206 0.036140002310276031 0.78000003099441528
vertex -0.030579999089241028 0.039049997925758362 0.77999001741409302
endloop
endfacet
facet normal 0.31225200297440309 -0.19224328751093911 -0.93034467002582433
outer loop
vertex -0.022690000012516975 0.044309999793767929 0.78000003099441528
vertex -0.027719998732209206 0.036140002310276031 0.78000003099441528
vertex -0.029200000688433647 0.040559999644756317 0.77858996391296387
endloop
endfacet
facet normal 0.023065784155746082 -0.69880698253650586 -0.71493829856813795
outer loop
vertex 0.0084600001573562622 0.049180001020431519 0.77977997064590454
vertex -0.011429999954998493 0.048369996249675751 0.7799299955368042
vertex -0.0028499998152256012 0.049840003252029419 0.77876996994018555
endloop
endfacet
facet normal 0.99085392931700744 -0.13493185449921921 -0.0013730981203981536
outer loop
vertex -0.049490001052618027 0.007689999882131815 0.26658999919891357
vertex -0.048079997301101685 0.012819999828934669 0.77995997667312622
vertex -0.049830000847578049 -3.0000001061125658e-05 0.77986997365951538
endloop
endfacet
facet normal 0.63415750870577303 -0.75081789099541152 -0.18470719724279763
outer loop
vertex -0.036120001226663589 0.034419998526573181 0.77978998422622681
vertex -0.029200000688433647 0.040559999644756317 0.77858996391296387
vertex -0.030579999089241028 0.039049997925758362 0.77999001741409302
endloop
endfacet
facet normal 0.33918560659583369 -0.94071869567817257 -0.0012082548464313224
outer loop
vertex -0.014949999749660492 0.047760002315044403 0.26670998334884644
vertex -0.011429999954998493 0.048369996249675751 0.7799299955368042
vertex -0.022690000012516975 0.044309999793767929 0.78000003099441528
endloop
endfacet
facet normal -0.99348482071052491 0.11396444734641575 -0.0001255340680854862
outer loop
vertex -0.025150001049041748 -0.00096000003395602107 0.77997994422912598
vertex -0.024229999631643295 0.0070600002072751522 0.77987998723983765
vertex -0.024939998984336853 0.00050999998347833753 0.45252999663352966
endloop
endfacet
facet normal 0.66364271204048408 -0.74804952136883884 -0.00051413558727526258
outer loop
vertex -0.032019998878240585 0.038410000503063202 0.26673001050949097
vertex -0.029200000688433647 0.040559999644756317 0.77858996391296387
vertex -0.036120001226663589 0.034419998526573181 0.77978998422622681
endloop
endfacet
facet normal -0.99139379859890975 0.13091262720598582 -0.00046918828970463782
outer loop
vertex -0.024229999631643295 0.0070600002072751522 0.77987998723983765
vertex -0.02411000058054924 0.0064300000667572021 0.35054001212120056
vertex -0.024939998984336853 0.00050999998347833753 0.45252999663352966
endloop
endfacet
facet normal -0.90582551207201512 0.42365006356523299 -0.00087482606616860422
outer loop
vertex -0.021480001509189606 0.012939999811351299 0.7799299955368042
vertex -0.02411000058054924 0.0064300000667572021 0.35054001212120056
vertex -0.024229999631643295 0.0070600002072751522 0.77987998723983765
endloop
endfacet
facet normal -0.80099132174425547 0.59867556541179212 -0.00068547010266815597
outer loop
vertex -0.021480001509189606 0.012939999811351299 0.7799299955368042
vertex -0.017540000379085541 0.017719998955726624 0.35068002343177795
vertex -0.021889999508857727 0.011900000274181366 0.35071000456809998
endloop
endfacet
facet normal -0.60762734812084485 0.79422217879712087 -0.00036948935581359888
outer loop
vertex -0.016520000994205475 0.018699999898672104 0.77981001138687134
vertex -0.012560000643134117 0.021530000492930412 0.35069000720977783
vertex -0.017540000379085541 0.017719998955726624 0.35068002343177795
endloop
endfacet
facet normal 0.16887068124034327 -0.9856382160008943 1.3266377088339124e-05
outer loop
vertex -0.014949999749660492 0.047760002315044403 0.26670998334884644
vertex -0.0028499998152256012 0.049840003252029419 0.77876996994018555
vertex -0.011429999954998493 0.048369996249675751 0.7799299955368042
endloop
endfacet
facet normal -0.39504313370985145 0.91866236531163792 -0.00061730764408845888
outer loop
vertex -0.0075099999085068703 0.023990001529455185 0.77987998723983765
vertex -0.0066299997270107269 0.024079998955130577 0.35065999627113342
vertex -0.012560000643134117 0.021530000492930412 0.35069000720977783
endloop
endfacet
facet normal 0.78750522347435636 -0.61630772204118178 -0.00056102853184563544
outer loop
vertex -0.039169996976852417 0.030990000814199448 0.26652997732162476
vertex -0.036120001226663589 0.034419998526573181 0.77978998422622681
vertex -0.042419999837875366 0.026370000094175339 0.77977997064590454
endloop
endfacet
facet normal -0.67382809550317202 0.14731704526140282 -0.72405344131909066
outer loop
vertex -0.02411000058054924 0.0064300000667572021 0.35054001212120056
vertex -0.020759999752044678 0.0063199996948242188 0.3474000096321106
vertex -0.023180000483989716 -7.9999997979030013e-05 0.34834998846054077
endloop
endfacet
facet normal -0.021618816549932921 0.0018167042670147199 -0.99976463548006456
outer loop
vertex -0.020759999752044678 0.0063199996948242188 0.3474000096321106
vertex -0.012070000171661377 0.0051599997095763683 0.34720999002456665
vertex -0.012769998982548714 -0.0031699999235570431 0.34720999002456665
endloop
endfacet
facet normal -0.6290683535158752 0.46697861432003857 -0.62145312001193032
outer loop
vertex -0.017540000379085541 0.017719998955726624 0.35068002343177795
vertex -0.017610000446438789 0.013620000332593918 0.34767001867294312
vertex -0.021889999508857727 0.011900000274181366 0.35071000456809998
endloop
endfacet
facet normal -0.055755859569033908 0.0609202214123011 -0.99658417143099076
outer loop
vertex -0.008829999715089798 0.020509999245405197 0.34759998321533203
vertex -0.020759999752044678 0.0063199996948242188 0.3474000096321106
vertex -0.017610000446438789 0.013620000332593918 0.34767001867294312
endloop
endfacet
facet normal -0.57621616114481944 0.518608249692735 -0.63168063052951473
outer loop
vertex -0.012070000171661377 0.0051599997095763683 0.34720999002456665
vertex -0.0061400001868605614 0.011699999682605267 0.34716999530792236
vertex -0.0085499994456768036 0.0054899998940527439 0.34426999092102051
endloop
endfacet
facet normal 0 0.04874877456717594 -0.99881107171386452
outer loop
vertex -0.008829999715089798 0.020509999245405197 0.34759998321533203
vertex 0.008829999715089798 0.020509999245405197 0.34759998321533203
vertex -0.0061400001868605614 0.011699999682605267 0.34716999530792236
endloop
endfacet
facet normal -0.42900082479433987 0.53931464373081628 -0.72463646567315321
outer loop
vertex -0.017540000379085541 0.017719998955726624 0.35068002343177795
vertex -0.008829999715089798 0.020509999245405197 0.34759998321533203
vertex -0.017610000446438789 0.013620000332593918 0.34767001867294312
endloop
endfacet
facet normal -0.42996142176119323 0.56384430264056085 -0.70513316343572507
outer loop
vertex -0.012560000643134117 0.021530000492930412 0.35069000720977783
vertex -0.008829999715089798 0.020509999245405197 0.34759998321533203
vertex -0.017540000379085541 0.017719998955726624 0.35068002343177795
endloop
endfacet
facet normal -0.3135695502978102 0.72194407323418053 -0.61682322609323759
outer loop
vertex -0.012560000643134117 0.021530000492930412 0.35069000720977783
vertex -0.0066299997270107269 0.024079998955130577 0.35065999627113342
vertex -0.008829999715089798 0.020509999245405197 0.34759998321533203
endloop
endfacet
facet normal -0.076891405847786767 0.73738877744260267 -0.6710778662781649
outer loop
vertex 0.0002899999963119626 0.025019999593496323 0.35089999437332153
vertex 0 0.021850001066923141 0.34744998812675476
vertex -0.0066299997270107269 0.024079998955130577 0.35065999627113342
endloop
endfacet
facet normal -0.14878863721429911 0.76892842994403721 -0.6217805167900563
outer loop
vertex -0.0061400001868605614 0.011699999682605267 0.34716999530792236
vertex 0 0.012880000285804272 0.3471599817276001
vertex -0.0026699998416006565 0.0098000001162290573 0.34398999810218811
endloop
endfacet
facet normal 0.92998648700314068 -0.36759346576268692 0.00042180580091690574
outer loop
vertex -0.047960001975297928 0.013950000517070293 0.26664000749588013
vertex -0.044449999928474426 0.022829998284578323 0.26657998561859131
vertex -0.046199999749660492 0.018990000709891319 0.77846997976303101
endloop
endfacet
facet normal 0.61786281904499918 -0.60879467101663631 0.49760886787065217
outer loop
vertex -0.032019998878240585 0.038410000503063202 0.26673001050949097
vertex -0.039169996976852417 0.030990000814199448 0.26652997732162476
vertex -0.0074800001457333565 0.0086500002071261406 0.19985000789165497
endloop
endfacet
facet normal 0.84039611321009489 -0.20939356663590905 0.49988869476400305
outer loop
vertex -0.010730000212788582 0.0048299999907612801 0.20022998750209808
vertex -0.047960001975297928 0.013950000517070293 0.26664000749588013
vertex -0.049490001052618027 0.007689999882131815 0.26658999919891357
endloop
endfacet
facet normal 0.49894947038791643 -0.70882296040564685 0.49861752556583161
outer loop
vertex -0.0058100000023841858 0.01039000041782856 0.20066998898983002
vertex -0.024999998509883881 0.043260000646114349 0.26659998297691345
vertex -0.032019998878240585 0.038410000503063202 0.26673001050949097
endloop
endfacet
facet normal 0.34994435805240554 -0.79370476860271244 0.49756576104531602
outer loop
vertex -0.0058100000023841858 0.01039000041782856 0.20066998898983002
vertex -0.014949999749660492 0.047760002315044403 0.26670998334884644
vertex -0.024999998509883881 0.043260000646114349 0.26659998297691345
endloop
endfacet
facet normal 0.19054078963522725 -0.84585132879438985 0.49822659208632075
outer loop
vertex -0.0071000000461935997 0.049440000206232071 0.26656001806259155
vertex -0.014949999749660492 0.047760002315044403 0.26670998334884644
vertex -0.0026500001549720764 0.011289999820291996 0.20008999109268188
endloop
endfacet
facet normal -0.2236191217603854 0.97467289948080604 -0.0026883825606859573
outer loop
vertex -0.0026699998416006565 0.0098000001162290573 0.34398999810218811
vertex 0.00036000000545755029 0.010099999606609344 0.20072001218795776
vertex -0.0044800001196563244 0.0089900000020861626 0.20087997615337372
endloop
endfacet
facet normal 0.72946902326629148 -0.46895782023652455 0.49794930156987888
outer loop
vertex -0.010730000212788582 0.0048299999907612801 0.20022998750209808
vertex -0.039169996976852417 0.030990000814199448 0.26652997732162476
vertex -0.044449999928474426 0.022829998284578323 0.26657998561859131
endloop
endfacet
facet normal 0.49607663793008983 -0.71099094796547169 0.4983972724756211
outer loop
vertex -0.0058100000023841858 0.01039000041782856 0.20066998898983002
vertex -0.032019998878240585 0.038410000503063202 0.26673001050949097
vertex -0.0074800001457333565 0.0086500002071261406 0.19985000789165497
endloop
endfacet
facet normal 0.85765597783800485 -0.096430140457024083 0.50510142713139761
outer loop
vertex -0.010730000212788582 0.0048299999907612801 0.20022998750209808
vertex -0.049490001052618027 0.007689999882131815 0.26658999919891357
vertex -0.011390000581741333 -0.0021399999968707561 0.20002000033855438
endloop
endfacet
facet normal -0.9712566815426561 0.23802949371660276 0.0015552105212271058
outer loop
vertex -0.0085499994456768036 0.0054899998940527439 0.34426999092102051
vertex -0.0088800005614757538 0.0050800004974007607 0.20093001425266266
vertex -0.010139999911189079 -6.0000002122251317e-05 0.20072999596595764
endloop
endfacet
facet normal 0.68262597892629984 -0.53080783037852908 0.50225971379730383
outer loop
vertex -0.0074800001457333565 0.0086500002071261406 0.19985000789165497
vertex -0.039169996976852417 0.030990000814199448 0.26652997732162476
vertex -0.010730000212788582 0.0048299999907612801 0.20022998750209808
endloop
endfacet
facet normal -0.52353971354004403 0.023916438420404612 0.85166552843219601
outer loop
vertex -0.010730000212788582 0.0048299999907612801 0.20022998750209808
vertex -0.011390000581741333 -0.0021399999968707561 0.20002000033855438
vertex -0.010139999911189079 -6.0000002122251317e-05 0.20072999596595764
endloop
endfacet
facet normal -0.35955289401207763 0.051883875053397692 0.93168115786302286
outer loop
vertex -0.0088800005614757538 0.0050800004974007607 0.20093001425266266
vertex -0.010730000212788582 0.0048299999907612801 0.20022998750209808
vertex -0.010139999911189079 -6.0000002122251317e-05 0.20072999596595764
endloop
endfacet
facet normal -0.33817890145158713 0.39151124183514829 0.8557768272918459
outer loop
vertex -0.0074800001457333565 0.0086500002071261406 0.19985000789165497
vertex -0.0088800005614757538 0.0050800004974007607 0.20093001425266266
vertex -0.0044800001196563244 0.0089900000020861626 0.20087997615337372
endloop
endfacet
facet normal -0.30586397996012393 -0.14954065505910574 0.94025784668219947
outer loop
vertex -0.0058100000023841858 0.01039000041782856 0.20066998898983002
vertex -0.0074800001457333565 0.0086500002071261406 0.19985000789165497
vertex -0.0044800001196563244 0.0089900000020861626 0.20087997615337372
endloop
endfacet
facet normal -0.052068769383142637 0.36121092600469057 0.93102927461479912
outer loop
vertex 0.00036000000545755029 0.010099999606609344 0.20072001218795776
vertex -0.0026500001549720764 0.011289999820291996 0.20008999109268188
vertex -0.0044800001196563244 0.0089900000020861626 0.20087997615337372
endloop
endfacet
facet normal 0.013315084726220835 -0.012189622909079208 -0.99983704752928015
outer loop
vertex 0.025019999593496323 9.9999997473787516e-05 0.77986001968383789
vertex 0.04822000116109848 0.012319999746978283 0.78001999855041504
vertex 0.024149999022483826 -0.0065900003537535667 0.7799299955368042
endloop
endfacet
facet normal 0.0035145914777554572 0.0064186625837554748 -0.99997322385020904
outer loop
vertex 0.021480001509189606 0.012939999811351299 0.7799299955368042
vertex 0.04822000116109848 0.012319999746978283 0.78001999855041504
vertex 0.025019999593496323 9.9999997473787516e-05 0.77986001968383789
endloop
endfacet
facet normal 0.79728005991426854 0.21674055523857369 0.56335427377270786
outer loop
vertex 0.021480001509189606 0.012939999811351299 0.7799299955368042
vertex 0.025019999593496323 9.9999997473787516e-05 0.77986001968383789
vertex 0.024220000952482224 0.0061099999584257603 0.77867996692657471
endloop
endfacet
facet normal 0.0027781073683800111 0.0012233500012481216 -0.99999539275649874
outer loop
vertex 0.04822000116109848 0.012319999746978283 0.78001999855041504
vertex 0.048229999840259552 -0.012210000306367874 0.77999001741409302
vertex 0.024149999022483826 -0.0065900003537535667 0.7799299955368042
endloop
endfacet
facet normal -0.011729636708375724 0.0067297704209035476 -0.99990855872563245
outer loop
vertex 0.0004400000034365803 0.025040000677108765 0.77996999025344849
vertex 0.014220000244677067 0.04757000133395195 0.77995997667312622
vertex 0.0075099999085068703 0.023990001529455185 0.77987998723983765
endloop
endfacet
facet normal 0.00095073047821779035 -0.0069927354322101964 -0.99997509857132594
outer loop
vertex -0.027719998732209206 0.036140002310276031 0.78000003099441528
vertex -0.011429999954998493 0.048369996249675751 0.7799299955368042
vertex 0.014220000244677067 0.04757000133395195 0.77995997667312622
endloop
endfacet
facet normal -0.72953893009295667 -0.68393925005943124 0.00022739165955187581
outer loop
vertex 0.032159999012947083 0.038119997829198837 0.77986997365951538
vertex 0.041450001299381256 0.028039999306201935 0.26670998334884644
vertex 0.039360001683235168 0.030439998954534531 0.78000003099441528
endloop
endfacet
facet normal -0.37903973717387207 -0.92538019249517889 -0.00061398757955558243
outer loop
vertex 0.013439999893307686 0.048229999840259552 0.26675999164581299
vertex 0.024009998887777328 0.043560001999139786 0.77991998195648193
vertex 0.014220000244677067 0.04757000133395195 0.77995997667312622
endloop
endfacet
facet normal -0.26917157889678994 -0.96309188195601136 -0.00082947250551291814
outer loop
vertex 0.013439999893307686 0.048229999840259552 0.26675999164581299
vertex 0.014220000244677067 0.04757000133395195 0.77995997667312622
vertex 0.0084600001573562622 0.049180001020431519 0.77977997064590454
endloop
endfacet
facet normal 0.92809962404115964 0.37233195817861686 -2.7812488675310149e-05
outer loop
vertex 0.021759999915957451 0.012210000306367874 0.35078001022338867
vertex 0.021480001509189606 0.012939999811351299 0.7799299955368042
vertex 0.024220000952482224 0.0061099999584257603 0.77867996692657471
endloop
endfacet
facet normal 0.39585394360840676 0.91831327558475584 -0.00061904318774977688
outer loop
vertex 0.011500000022351742 0.022269999608397484 0.77981001138687134
vertex 0.0066299997270107269 0.024079998955130577 0.35065999627113342
vertex 0.0075099999085068703 0.023990001529455185 0.77987998723983765
endloop
endfacet
facet normal 0.58738456574273312 0.80930789791108659 -0.00031353781105404946
outer loop
vertex 0.017589999362826347 0.017850000411272049 0.77991002798080444
vertex 0.017540000379085541 0.017719998955726624 0.35068002343177795
vertex 0.011500000022351742 0.022269999608397484 0.77981001138687134
endloop
endfacet
facet normal -0.98697677703801623 -0.1608599146435809 -0.00096407909942658855
outer loop
vertex 0.04822000116109848 0.012319999746978283 0.78001999855041504
vertex 0.049149997532367706 0.0096899997442960739 0.26675999164581299
vertex 0.0502299964427948 0 0.77792000770568848
endloop
endfacet
facet normal -0.95255444667601674 -0.30436819551895744 -0.00016635588720181324
outer loop
vertex 0.045909997075796127 0.019829999655485153 0.26666000485420227
vertex 0.049149997532367706 0.0096899997442960739 0.26675999164581299
vertex 0.04822000116109848 0.012319999746978283 0.78001999855041504
endloop
endfacet
facet normal 0.78382001166037185 0.62098783593787499 -0.00054492011273618666
outer loop
vertex 0.017589999362826347 0.017850000411272049 0.77991002798080444
vertex 0.021480001509189606 0.012939999811351299 0.7799299955368042
vertex 0.021759999915957451 0.012210000306367874 0.35078001022338867
endloop
endfacet
facet normal 0.1469022570678607 0.98915100837480074 -9.7465290120917026e-05
outer loop
vertex 0.0075099999085068703 0.023990001529455185 0.77987998723983765
vertex 0.0002899999963119626 0.025019999593496323 0.35089999437332153
vertex 0.0004400000034365803 0.025040000677108765 0.77996999025344849
endloop
endfacet
facet normal 0.14665839873737635 0.98918719430637958 -9.3274118984606986e-05
outer loop
vertex 0.0075099999085068703 0.023990001529455185 0.77987998723983765
vertex 0.0066299997270107269 0.024079998955130577 0.35065999627113342
vertex 0.0002899999963119626 0.025019999593496323 0.35089999437332153
endloop
endfacet
facet normal -0.77236167406333633 -0.63518121634155877 -0.0015056045093782295
outer loop
vertex 0.032159999012947083 0.038119997829198837 0.77986997365951538
vertex 0.036079999059438705 0.034570001065731049 0.26660999655723572
vertex 0.041450001299381256 0.028039999306201935 0.26670998334884644
endloop
endfacet
facet normal -0.05819313596281573 -0.99830508956001041 -0.00071209928584970697
outer loop
vertex 0.0025599999353289604 0.049890000373125076 0.26657000184059143
vertex 0.0084600001573562622 0.049180001020431519 0.77977997064590454
vertex -0.0028499998152256012 0.049840003252029419 0.77876996994018555
endloop
endfacet
facet normal 0.79391009623604925 0.60803509978241388 -0.00027663524154735027
outer loop
vertex 0.017540000379085541 0.017719998955726624 0.35068002343177795
vertex 0.017589999362826347 0.017850000411272049 0.77991002798080444
vertex 0.021759999915957451 0.012210000306367874 0.35078001022338867
endloop
endfacet
facet normal 0.98675431040209227 -0.16216902166812733 -0.0041399654701291576
outer loop
vertex 0.024199999868869781 0.0060700001195073128 0.35055997967720032
vertex 0.025019999593496323 9.9999997473787516e-05 0.77986001968383789
vertex 0.023180000483989716 -7.9999997979030013e-05 0.34834998846054077
endloop
endfacet
facet normal -0.65298186163151617 -0.75737350443903728 0.00025130453823678131
outer loop
vertex 0.036079999059438705 0.034570001065731049 0.26660999655723572
vertex 0.032159999012947083 0.038119997829198837 0.77986997365951538
vertex 0.028969999402761459 0.040699996054172516 0.26658999919891357
endloop
endfacet
facet normal 0.021618816549932921 0.0018167042670147199 -0.99976463548006456
outer loop
vertex 0.012070000171661377 0.0051599997095763683 0.34720999002456665
vertex 0.020759999752044678 0.0063199996948242188 0.3474000096321106
vertex 0.012769998982548714 -0.0031699999235570431 0.34720999002456665
endloop
endfacet
facet normal -0.0052865494048799496 0.063667487983498985 -0.99795716509741073
outer loop
vertex 0.008829999715089798 0.020509999245405197 0.34759998321533203
vertex 0.006029999814927578 0.011500000022351742 0.34703999757766724
vertex 0 0.012880000285804272 0.3471599817276001
endloop
endfacet
facet normal -0.016299951868198402 0.076354786347744188 -0.99694747011609641
outer loop
vertex -0.0061400001868605614 0.011699999682605267 0.34716999530792236
vertex 0.008829999715089798 0.020509999245405197 0.34759998321533203
vertex 0 0.012880000285804272 0.3471599817276001
endloop
endfacet
facet normal 0.6592815961484727 0.28690064312784419 -0.69500776826791766
outer loop
vertex 0.021759999915957451 0.012210000306367874 0.35078001022338867
vertex 0.024199999868869781 0.0060700001195073128 0.35055997967720032
vertex 0.020759999752044678 0.0063199996948242188 0.3474000096321106
endloop
endfacet
facet normal 0.055755859569033908 0.0609202214123011 -0.99658417143099076
outer loop
vertex 0.008829999715089798 0.020509999245405197 0.34759998321533203
vertex 0.017610000446438789 0.013620000332593918 0.34767001867294312
vertex 0.020759999752044678 0.0063199996948242188 0.3474000096321106
endloop
endfacet
facet normal 0.11640639904501537 0.68674907172417421 -0.71751324917896653
outer loop
vertex 0.0066299997270107269 0.024079998955130577 0.35065999627113342
vertex 0.008829999715089798 0.020509999245405197 0.34759998321533203
vertex 0 0.021850001066923141 0.34744998812675476
endloop
endfacet
facet normal 0.082621521215373403 0.73036966878669984 -0.67803674763869837
outer loop
vertex 0.0066299997270107269 0.024079998955130577 0.35065999627113342
vertex 0 0.021850001066923141 0.34744998812675476
vertex 0.0002899999963119626 0.025019999593496323 0.35089999437332153
endloop
endfacet
facet normal 0.42996142176119323 0.56384430264056085 -0.70513316343572507
outer loop
vertex 0.017540000379085541 0.017719998955726624 0.35068002343177795
vertex 0.008829999715089798 0.020509999245405197 0.34759998321533203
vertex 0.012560000643134117 0.021530000492930412 0.35069000720977783
endloop
endfacet
facet normal 0.79122629645615505 0.066489494724474671 -0.60789809580846732
outer loop
vertex 0.012070000171661377 0.0051599997095763683 0.34720999002456665
vertex 0.012769998982548714 -0.0031699999235570431 0.34720999002456665
vertex 0.0099499998614192009 0.0016799999866634607 0.34407001733779907
endloop
endfacet
facet normal 0.075592826536176813 0.76360614647166158 -0.64124205854495453
outer loop
vertex 0.006029999814927578 0.011500000022351742 0.34703999757766724
vertex 0.0039200000464916229 0.0092399995774030685 0.34409999847412109
vertex -0.0026699998416006565 0.0098000001162290573 0.34398999810218811
endloop
endfacet
facet normal 0.62936648529316119 0.77710784807842048 0.0011043752350653599
outer loop
vertex 0.0085499994456768036 0.0054899998940527439 0.34426999092102051
vertex 0.0044800001196563244 0.0089900000020861626 0.20087997615337372
vertex 0.0039200000464916229 0.0092399995774030685 0.34409999847412109
endloop
endfacet
facet normal 0.97770000976776705 0.2099935857627899 -0.0023205254995251629
outer loop
vertex 0.0088800005614757538 0.0050800004974007607 0.20093001425266266
vertex 0.0099499998614192009 0.0016799999866634607 0.34407001733779907
vertex 0.010049999691545963 -0.00037000002339482307 0.20068998634815216
endloop
endfacet
facet normal 0.664262046312046 0.74749954058640644 -0.00060881232298579232
outer loop
vertex 0.0085499994456768036 0.0054899998940527439 0.34426999092102051
vertex 0.0088800005614757538 0.0050800004974007607 0.20093001425266266
vertex 0.0044800001196563244 0.0089900000020861626 0.20087997615337372
endloop
endfacet
facet normal 0.93865648260845702 0.34485160278839022 0.00117461116883359
outer loop
vertex 0.0088800005614757538 0.0050800004974007607 0.20093001425266266
vertex 0.0085499994456768036 0.0054899998940527439 0.34426999092102051
vertex 0.0099499998614192009 0.0016799999866634607 0.34407001733779907
endloop
endfacet
facet normal -0.86398389402226883 -0.081022875730886096 0.49695786992300894
outer loop
vertex 0.049149997532367706 0.0096899997442960739 0.26675999164581299
vertex 0.01153000071644783 0.0016799999866634607 0.2000499814748764
vertex 0.049970000982284546 0.00020999999833293259 0.26664000749588013
endloop
endfacet
facet normal -0.7606402247212809 -0.41624237396227187 0.49816536878250728
outer loop
vertex 0.045909997075796127 0.019829999655485153 0.26666000485420227
vertex 0.041450001299381256 0.028039999306201935 0.26670998334884644
vertex 0.0099600004032254219 0.0062000001780688763 0.20038001239299774
endloop
endfacet
facet normal -0.29386780392473361 -0.8164262813793719 0.49708132220946016
outer loop
vertex 0.013439999893307686 0.048229999840259552 0.26675999164581299
vertex 0.0052000000141561031 0.010610000230371952 0.20010001957416534
vertex 0.02054000087082386 0.045510001480579376 0.26648998260498047
endloop
endfacet
facet normal -0.56659554100892395 -0.65554881128958464 0.49922464775451281
outer loop
vertex 0.028969999402761459 0.040699996054172516 0.26658999919891357
vertex 0.0052000000141561031 0.010610000230371952 0.20010001957416534
vertex 0.036079999059438705 0.034570001065731049 0.26660999655723572
endloop
endfacet
facet normal -0.67298358259210189 -0.54578995406609154 0.49920579283701572
outer loop
vertex 0.0099600004032254219 0.0062000001780688763 0.20038001239299774
vertex 0.041450001299381256 0.028039999306201935 0.26670998334884644
vertex 0.036079999059438705 0.034570001065731049 0.26660999655723572
endloop
endfacet
facet normal -0.13916818401328476 -0.85494691160467617 0.4996979036338563
outer loop
vertex 0.0052000000141561031 0.010610000230371952 0.20010001957416534
vertex 0.013439999893307686 0.048229999840259552 0.26675999164581299
vertex 0.0025599999353289604 0.049890000373125076 0.26657000184059143
endloop
endfacet
facet normal -0.80512143114018442 -0.31628974495552425 0.50173726028146504
outer loop
vertex 0.0099600004032254219 0.0062000001780688763 0.20038001239299774
vertex 0.01153000071644783 0.0016799999866634607 0.2000499814748764
vertex 0.045909997075796127 0.019829999655485153 0.26666000485420227
endloop
endfacet
facet normal -0.075123402115874774 -0.85978482461469663 0.5051005145679538
outer loop
vertex 0.0052000000141561031 0.010610000230371952 0.20010001957416534
vertex 0.0025599999353289604 0.049890000373125076 0.26657000184059143
vertex -0.0026500001549720764 0.011289999820291996 0.20008999109268188
endloop
endfacet
facet normal 0.047294299199806274 0.55818784524877219 0.82836560689090177
outer loop
vertex 0.0052000000141561031 0.010610000230371952 0.20010001957416534
vertex -0.0026500001549720764 0.011289999820291996 0.20008999109268188
vertex 0.00036000000545755029 0.010099999606609344 0.20072001218795776
endloop
endfacet
facet normal 0.27132505785946193 0.31695786146246702 0.90880164339348501
outer loop
vertex 0.0044800001196563244 0.0089900000020861626 0.20087997615337372
vertex 0.0088800005614757538 0.0050800004974007607 0.20093001425266266
vertex 0.0052000000141561031 0.010610000230371952 0.20010001957416534
endloop
endfacet
facet normal 0.017817947988103582 0.02264097492745697 -0.99958486732434459
outer loop
vertex -0.027799999341368675 -0.041260004043579102 0.77990001440048218
vertex -0.010859999805688858 -0.048409998416900635 0.78004002571105957
vertex -0.019340001046657562 -0.045710001140832901 0.77995002269744873
endloop
endfacet
facet normal -0.0087110542657840486 -0.0068621646334552106 -0.99993851222468766
outer loop
vertex -0.021730000153183937 -0.012529999949038029 0.77964997291564941
vertex -0.027799999341368675 -0.041260004043579102 0.77990001440048218
vertex -0.040859997272491455 -0.029050000011920929 0.7799299955368042
endloop
endfacet
facet normal -0.011897867331204759 -0.0031716237337597545 -0.99992418790419324
outer loop
vertex -0.046199999749660492 -0.018470000475645065 0.77995997667312622
vertex -0.021730000153183937 -0.012529999949038029 0.77964997291564941
vertex -0.040859997272491455 -0.029050000011920929 0.7799299955368042
endloop
endfacet
facet normal 0.012103930323594745 -0.01125924533587507 -0.99986335279636485
outer loop
vertex -0.021730000153183937 -0.012529999949038029 0.77964997291564941
vertex -0.012760000303387642 -0.021540001034736633 0.77986001968383789
vertex -0.027799999341368675 -0.041260004043579102 0.77990001440048218
endloop
endfacet
facet normal -0.010162865076845509 0.001664530689385138 -0.99994697134948818
outer loop
vertex -0.048079997301101685 0.012819999828934669 0.77995997667312622
vertex -0.021730000153183937 -0.012529999949038029 0.77964997291564941
vertex -0.048830002546310425 -0.0097700003534555435 0.7799299955368042
endloop
endfacet
facet normal -0.17320163264610178 -0.16816677452827045 -0.97042317078349005
outer loop
vertex -0.048079997301101685 0.012819999828934669 0.77995997667312622
vertex -0.024199999868869781 -0.006120000034570694 0.77898001670837402
vertex -0.021730000153183937 -0.012529999949038029 0.77964997291564941
endloop
endfacet
facet normal 0.16703088664506457 0.98595166353577901 -8.8087093569048392e-06
outer loop
vertex -0.002360000042244792 -0.049850001931190491 0.77875000238418579
vertex -0.014960000291466713 -0.047720000147819519 0.26670998334884644
vertex -0.010859999805688858 -0.048409998416900635 0.78004002571105957
endloop
endfacet
facet normal 0.30339966532856244 0.9528627067088089 -0.0011424719157915586
outer loop
vertex -0.010859999805688858 -0.048409998416900635 0.78004002571105957
vertex -0.014960000291466713 -0.047720000147819519 0.26670998334884644
vertex -0.019340001046657562 -0.045710001140832901 0.77995002269744873
endloop
endfacet
facet normal 0.68293343080628865 0.73047913860605163 -0.0014687234297564799
outer loop
vertex -0.027799999341368675 -0.041260004043579102 0.77990001440048218
vertex -0.037450000643730164 -0.033270001411437988 0.26668000221252441
vertex -0.040859997272491455 -0.029050000011920929 0.7799299955368042
endloop
endfacet
facet normal 0.37772355933646462 0.92591832824526654 -0.00040266820460637065
outer loop
vertex -0.019340001046657562 -0.045710001140832901 0.77995002269744873
vertex -0.014960000291466713 -0.047720000147819519 0.26670998334884644
vertex -0.023269999772310257 -0.044330000877380371 0.26666000485420227
endloop
endfacet
facet normal 0.68653981568011868 0.7270904728050569 -0.0015892897871260542
outer loop
vertex -0.031890001147985458 -0.038520000874996185 0.26664000749588013
vertex -0.037450000643730164 -0.033270001411437988 0.26668000221252441
vertex -0.027799999341368675 -0.041260004043579102 0.77990001440048218
endloop
endfacet
facet normal 0.89273348787671625 0.45058495060192066 0.00034916262357155201
outer loop
vertex -0.046199999749660492 -0.018470000475645065 0.77995997667312622
vertex -0.040859997272491455 -0.029050000011920929 0.7799299955368042
vertex -0.047679997980594635 -0.01513999979943037 0.26672002673149109
endloop
endfacet
facet normal -0.9331256187470538 -0.35955049261044375 0.00015133246571497104
outer loop
vertex -0.024199999868869781 -0.006120000034570694 0.77898001670837402
vertex -0.024149999022483826 -0.0064300000667572021 0.35075998306274414
vertex -0.021730000153183937 -0.012529999949038029 0.77964997291564941
endloop
endfacet
facet normal -0.3826411450868889 -0.92389704733327804 -3.9300342560313261e-06
outer loop
vertex -0.00684000039473176 -0.023990001529455185 0.35052001476287842
vertex -0.012760000303387642 -0.021540001034736633 0.77986001968383789
vertex -0.012489999644458294 -0.021649999544024467 0.3508400022983551
endloop
endfacet
facet normal 0.92171438011481166 0.38786542526733414 -0.0017359066099970838
outer loop
vertex -0.044439997524023056 -0.022839998826384544 0.26659998297691345
vertex -0.047679997980594635 -0.01513999979943037 0.26672002673149109
vertex -0.040859997272491455 -0.029050000011920929 0.7799299955368042
endloop
endfacet
facet normal -0.14240124323926528 -0.98980896298317966 -0.00032050284549033211
outer loop
vertex 0.00011000000085914508 -0.024989999830722809 0.35089001059532166
vertex -0.0010799999581649899 -0.024890001863241196 0.57079005241394043
vertex -0.00684000039473176 -0.023990001529455185 0.35052001476287842
endloop
endfacet
facet normal -0.99129439123934027 -0.13166407816838546 -2.0432696796367422e-05
outer loop
vertex -0.024999998509883881 -4.9999998736893758e-05 0.47716996073722839
vertex -0.024149999022483826 -0.0064300000667572021 0.35075998306274414
vertex -0.024199999868869781 -0.006120000034570694 0.77898001670837402
endloop
endfacet
facet normal 0.83069646473889025 0.55672479448922108 0.00094163222343741188
outer loop
vertex -0.044439997524023056 -0.022839998826384544 0.26659998297691345
vertex -0.040859997272491455 -0.029050000011920929 0.7799299955368042
vertex -0.037450000643730164 -0.033270001411437988 0.26668000221252441
endloop
endfacet
facet normal -0.62947286078499487 -0.64390412738503122 -0.43491538518621747
outer loop
vertex -0.020509999245405197 -0.013060000725090504 0.349729984998703
vertex -0.015210000798106194 -0.017119999974966049 0.34806999564170837
vertex -0.012489999644458294 -0.021649999544024467 0.3508400022983551
endloop
endfacet
facet normal -0.34781623740114276 -0.63220084320682657 -0.69234814858472005
outer loop
vertex -0.015210000798106194 -0.017119999974966049 0.34806999564170837
vertex -0.0088700000196695328 -0.019940000027418137 0.34745997190475464
vertex -0.012489999644458294 -0.021649999544024467 0.3508400022983551
endloop
endfacet
facet normal -0.073019239930612295 -0.75050506959885077 -0.65681833950216395
outer loop
vertex 0.00011000000085914508 -0.024989999830722809 0.35089001059532166
vertex -0.00684000039473176 -0.023990001529455185 0.35052001476287842
vertex 0 -0.022169999778270721 0.34768000245094299
endloop
endfacet
facet normal -0.14248887572593877 -0.64116270985381874 -0.75406054119497978
outer loop
vertex 0 -0.022169999778270721 0.34768000245094299
vertex -0.00684000039473176 -0.023990001529455185 0.35052001476287842
vertex -0.0088700000196695328 -0.019940000027418137 0.34745997190475464
endloop
endfacet
facet normal -0.73086202992906502 -0.68252411967335269 -0.0012325875552811783
outer loop
vertex -0.020509999245405197 -0.013060000725090504 0.349729984998703
vertex -0.012489999644458294 -0.021649999544024467 0.3508400022983551
vertex -0.021730000153183937 -0.012529999949038029 0.77964997291564941
endloop
endfacet
facet normal -0.87670116424697808 -0.48103168107112182 -0.0018948387487297831
outer loop
vertex -0.024149999022483826 -0.0064300000667572021 0.35075998306274414
vertex -0.020509999245405197 -0.013060000725090504 0.349729984998703
vertex -0.021730000153183937 -0.012529999949038029 0.77964997291564941
endloop
endfacet
facet normal -0.73389220674895139 -0.30894049353175473 -0.60494462583736552
outer loop
vertex -0.02054000087082386 -0.009190000593662262 0.34779000282287598
vertex -0.020509999245405197 -0.013060000725090504 0.349729984998703
vertex -0.024149999022483826 -0.0064300000667572021 0.35075998306274414
endloop
endfacet
facet normal -0.05203564994279905 -0.025840245964618352 -0.99831085981447609
outer loop
vertex -0.020759999752044678 0.0063199996948242188 0.3474000096321106
vertex -0.0088700000196695328 -0.019940000027418137 0.34745997190475464
vertex -0.02054000087082386 -0.009190000593662262 0.34779000282287598
endloop
endfacet
facet normal -0.0038065215271778975 -0.024328326041727737 -0.99969677550038683
outer loop
vertex -0.0082900002598762512 -0.010169999673962593 0.34722000360488892
vertex 0.0051299999468028545 -0.021309999749064445 0.34744000434875488
vertex -0.0088700000196695328 -0.019940000027418137 0.34745997190475464
endloop
endfacet
facet normal -0.05594462286187081 -0.08703741747798234 -0.9946329409041339
outer loop
vertex -0.0082900002598762512 -0.010169999673962593 0.34722000360488892
vertex 0 -0.012870000675320625 0.34698998928070068
vertex 0.0051299999468028545 -0.021309999749064445 0.34744000434875488
endloop
endfacet
facet normal -0.98935306656306066 0.1444753719931777 -0.017532158158684159
outer loop
vertex -0.023180000483989716 -7.9999997979030013e-05 0.34834998846054077
vertex -0.024149999022483826 -0.0064300000667572021 0.35075998306274414
vertex -0.024939998984336853 0.00050999998347833753 0.45252999663352966
endloop
endfacet
facet normal -0.13216734972396468 -0.70122510935629978 -0.70058199925147147
outer loop
vertex -0.00012000000424450263 -0.010000000707805157 0.34413999319076538
vertex 0 -0.012870000675320625 0.34698998928070068
vertex -0.0039400001987814903 -0.009270000271499157 0.34412997961044312
endloop
endfacet
facet normal 0.030375866060737857 0.99953844055865182 0.00046109287409685352
outer loop
vertex 0.0047500003129243851 -0.049830000847578049 0.26700001955032349
vertex -0.007089999970048666 -0.049469999969005585 0.26659998297691345
vertex -0.002360000042244792 -0.049850001931190491 0.77875000238418579
endloop
endfacet
facet normal -0.18769963323726746 -0.98222567679091377 -0.0012520124707115882
outer loop
vertex -0.00012000000424450263 -0.010000000707805157 0.34413999319076538
vertex -0.0039400001987814903 -0.009270000271499157 0.34412997961044312
vertex -0.0051299999468028545 -0.0088599994778633118 0.20087997615337372
endloop
endfacet
facet normal -0.89034607178668823 -0.45528180109871841 0.0015342888647407859
outer loop
vertex -0.0078100003302097321 -0.0063700000755488873 0.34419998526573181
vertex -0.0096100000664591789 -0.0028499998152256012 0.34418001770973206
vertex -0.009100000374019146 -0.0043299999088048935 0.20095999538898468
endloop
endfacet
facet normal -0.99200925284392893 0.12601680782164523 0.0061160786842909898
outer loop
vertex -0.0085499994456768036 0.0054899998940527439 0.34426999092102051
vertex -0.010139999911189079 -6.0000002122251317e-05 0.20072999596595764
vertex -0.0096100000664591789 -0.0028499998152256012 0.34418001770973206
endloop
endfacet
facet normal 0.32518319597732931 0.80445921156559252 0.4970928142522632
outer loop
vertex -0.0048600002191960812 -0.010679999366402626 0.20015999674797058
vertex -0.023269999772310257 -0.044330000877380371 0.26666000485420227
vertex -0.014960000291466713 -0.047720000147819519 0.26670998334884644
endloop
endfacet
facet normal -0.59963576727924617 -0.80026852134041193 0.0026907900439322812
outer loop
vertex -0.0039400001987814903 -0.009270000271499157 0.34412997961044312
vertex -0.0078100003302097321 -0.0063700000755488873 0.34419998526573181
vertex -0.0051299999468028545 -0.0088599994778633118 0.20087997615337372
endloop
endfacet
facet normal 0.48385624496482876 0.71958720367575291 0.49807367980515321
outer loop
vertex -0.023269999772310257 -0.044330000877380371 0.26666000485420227
vertex -0.0048600002191960812 -0.010679999366402626 0.20015999674797058
vertex -0.031890001147985458 -0.038520000874996185 0.26664000749588013
endloop
endfacet
facet normal 0.79989775927467743 0.33202958350319944 0.49991992397387197
outer loop
vertex -0.047679997980594635 -0.01513999979943037 0.26672002673149109
vertex -0.0096199996769428253 -0.0066299997270107269 0.20017001032829285
vertex -0.011390000581741333 -0.0021399999968707561 0.20002000033855438
endloop
endfacet
facet normal 0.10797535690924952 0.85695905031873087 0.50394693011976877
outer loop
vertex 0.001829999964684248 -0.011470000259578228 0.20006999373435974
vertex -0.0048600002191960812 -0.010679999366402626 0.20015999674797058
vertex -0.007089999970048666 -0.049469999969005585 0.26659998297691345
endloop
endfacet
facet normal -0.42322541767984084 -0.054366428617824661 0.90439180517575868
outer loop
vertex -0.010139999911189079 -6.0000002122251317e-05 0.20072999596595764
vertex -0.011390000581741333 -0.0021399999968707561 0.20002000033855438
vertex -0.009100000374019146 -0.0043299999088048935 0.20095999538898468
endloop
endfacet
facet normal -0.22765673799336705 -0.2698801722414188 0.93559451808845129
outer loop
vertex -0.009100000374019146 -0.0043299999088048935 0.20095999538898468
vertex -0.0096199996769428253 -0.0066299997270107269 0.20017001032829285
vertex -0.0048600002191960812 -0.010679999366402626 0.20015999674797058
endloop
endfacet
facet normal 0.021457580406118268 0.73439076967687211 -0.67838762492879112
outer loop
vertex -0.002360000042244792 -0.049850001931190491 0.77875000238418579
vertex -0.010859999805688858 -0.048409998416900635 0.78004002571105957
vertex 0.008829999715089798 -0.049049999564886093 0.77996999025344849
endloop
endfacet
facet normal 0.0020630492077750237 -0.00022871185834110548 -0.99999784575710571
outer loop
vertex 0.0067400000989437103 -0.024119999259710312 0.77995997667312622
vertex 0.040029998868703842 -0.02979000099003315 0.78002995252609253
vertex 0.008829999715089798 -0.049049999564886093 0.77996999025344849
endloop
endfacet
facet normal -0.0032163263324917583 -0.031219193580688111 -0.99950738726489385
outer loop
vertex 0.040029998868703842 -0.02979000099003315 0.78002995252609253
vertex 0.0067400000989437103 -0.024119999259710312 0.77995997667312622
vertex 0.012760000303387642 -0.021540001034736633 0.77986001968383789
endloop
endfacet
facet normal 0.0044942117804699947 -0.0057419607450271224 -0.99997341562027275
outer loop
vertex 0.017729999497532845 -0.017650000751018524 0.77986001968383789
vertex 0.040029998868703842 -0.02979000099003315 0.78002995252609253
vertex 0.012760000303387642 -0.021540001034736633 0.77986001968383789
endloop
endfacet
facet normal -0.69159536861237214 0.32111748412040869 -0.6469771305897114
outer loop
vertex 0.048229999840259552 -0.012210000306367874 0.77999001741409302
vertex 0.04457000270485878 -0.022470001131296158 0.77881002426147461
vertex 0.040029998868703842 -0.02979000099003315 0.78002995252609253
endloop
endfacet
facet normal -0.010821981364519478 -0.033867839198593444 -0.99936772720924105
outer loop
vertex 0.021710000932216644 -0.012430000118911266 0.77964001893997192
vertex 0.040029998868703842 -0.02979000099003315 0.78002995252609253
vertex 0.017729999497532845 -0.017650000751018524 0.77986001968383789
endloop
endfacet
facet normal 0.0017697604642224222 -0.0030970929089567853 -0.99999363796146856
outer loop
vertex 0.024149999022483826 -0.0065900003537535667 0.7799299955368042
vertex 0.048229999840259552 -0.012210000306367874 0.77999001741409302
vertex 0.040029998868703842 -0.02979000099003315 0.78002995252609253
endloop
endfacet
facet normal -0.7207931917735676 0.00055338131175679945 -0.69314996101997806
outer loop
vertex 0.04822000116109848 0.012319999746978283 0.78001999855041504
vertex 0.0502299964427948 0 0.77792000770568848
vertex 0.048229999840259552 -0.012210000306367874 0.77999001741409302
endloop
endfacet
facet normal -0.84985629979507338 0.52701425259971246 -0.00049724781808161485
outer loop
vertex 0.04457000270485878 -0.022470001131296158 0.77881002426147461
vertex 0.04149000346660614 -0.02792000025510788 0.26664999127388
vertex 0.040029998868703842 -0.02979000099003315 0.78002995252609253
endloop
endfacet
facet normal -0.94183498516901321 0.33607458244782867 -0.00085775532772216687
outer loop
vertex 0.048229999840259552 -0.012210000306367874 0.77999001741409302
vertex 0.046709999442100525 -0.0177800003439188 0.2666199803352356
vertex 0.04457000270485878 -0.022470001131296158 0.77881002426147461
endloop
endfacet
facet normal -0.98687491364382529 0.16148356291600105 -0.00098169671809618625
outer loop
vertex 0.0502299964427948 0 0.77792000770568848
vertex 0.049750000238418579 -0.0047699999995529652 0.47581002116203308
vertex 0.048229999840259552 -0.012210000306367874 0.77999001741409302
endloop
endfacet
facet normal -0.21386852138677334 0.97686207270252268 -0.00086398794345809255
outer loop
vertex 0.017020000144839287 -0.046689998358488083 0.77995002269744873
vertex 0.016809999942779541 -0.047189999371767044 0.26660999655723572
vertex 0.0047500003129243851 -0.049830000847578049 0.26700001955032349
endloop
endfacet
facet normal 0.13020064391356737 -0.99148691839723846 -0.0012177732301101292
outer loop
vertex 0.0067400000989437103 -0.024119999259710312 0.77995997667312622
vertex -0.00018999999156221747 -0.025030000135302544 0.7799299955368042
vertex -0.0010799999581649899 -0.024890001863241196 0.57079005241394043
endloop
endfacet
facet normal -0.97553070806100639 0.21986264968134223 0.00050289670031581474
outer loop
vertex 0.049750000238418579 -0.0047699999995529652 0.47581002116203308
vertex 0.046709999442100525 -0.0177800003439188 0.2666199803352356
vertex 0.048229999840259552 -0.012210000306367874 0.77999001741409302
endloop
endfacet
facet normal 0.92270433895338511 -0.38550835721147669 -9.693660265790689e-05
outer loop
vertex 0.024149999022483826 -0.0065900003537535667 0.7799299955368042
vertex 0.021710000932216644 -0.012430000118911266 0.77964001893997192
vertex 0.024129999801516533 -0.0065300003625452518 0.3509499728679657
endloop
endfacet
facet normal 0.60852912994395603 -0.79353153488485284 -3.3954988476119954e-05
outer loop
vertex 0.017729999497532845 -0.017650000751018524 0.77986001968383789
vertex 0.012489999644458294 -0.021649999544024467 0.3508400022983551
vertex 0.017680000513792038 -0.017669999971985817 0.35117998719215393
endloop
endfacet
facet normal -0.7753591376028437 0.6315185646506557 -0.0015843728570859123
outer loop
vertex 0.036309998482465744 -0.034280002117156982 0.26658999919891357
vertex 0.031679999083280563 -0.038680002093315125 0.77861005067825317
vertex 0.04149000346660614 -0.02792000025510788 0.26664999127388
endloop
endfacet
facet normal 0.80383850932388856 -0.59484751762668886 -0.00028583441833742503
outer loop
vertex 0.021180000156164169 -0.012939999811351299 0.35050001740455627
vertex 0.021710000932216644 -0.012430000118911266 0.77964001893997192
vertex 0.017680000513792038 -0.017669999971985817 0.35117998719215393
endloop
endfacet
facet normal 0.99164983356125924 -0.12895969706662638 -6.4268272126691666e-05
outer loop
vertex 0.025019999593496323 9.9999997473787516e-05 0.77986001968383789
vertex 0.024149999022483826 -0.0065900003537535667 0.7799299955368042
vertex 0.024129999801516533 -0.0065300003625452518 0.3509499728679657
endloop
endfacet
facet normal 0.98956485061642618 0.14402461873852995 -0.0042796754212549295
outer loop
vertex 0.023180000483989716 -7.9999997979030013e-05 0.34834998846054077
vertex 0.025019999593496323 9.9999997473787516e-05 0.77986001968383789
vertex 0.024129999801516533 -0.0065300003625452518 0.3509499728679657
endloop
endfacet
facet normal 0.07517639408867835 -0.99716988005852947 0.00086027663096528381
outer loop
vertex 0.0067400000989437103 -0.024119999259710312 0.77995997667312622
vertex -0.0010799999581649899 -0.024890001863241196 0.57079005241394043
vertex 0.00011000000085914508 -0.024989999830722809 0.35089001059532166
endloop
endfacet
facet normal 0.1509482090035178 -0.98854161803344098 -0.00032804642475203598
outer loop
vertex 0.0069199996069073677 -0.02395000122487545 0.35051000118255615
vertex 0.0067400000989437103 -0.024119999259710312 0.77995997667312622
vertex 0.00011000000085914508 -0.024989999830722809 0.35089001059532166
endloop
endfacet
facet normal 0.077384602772588865 -0.74770203840444949 -0.65950988242751896
outer loop
vertex 0.0069199996069073677 -0.02395000122487545 0.35051000118255615
vertex 0.00011000000085914508 -0.024989999830722809 0.35089001059532166
vertex 0 -0.022169999778270721 0.34768000245094299
endloop
endfacet
facet normal 0.53435207441132415 -0.65072270816089994 -0.53946994138326121
outer loop
vertex 0.017680000513792038 -0.017669999971985817 0.35117998719215393
vertex 0.012489999644458294 -0.021649999544024467 0.3508400022983551
vertex 0.015210000798106194 -0.017119999974966049 0.34806999564170837
endloop
endfacet
facet normal 0.30203209477984461 -0.62861521067610182 -0.71667254072521791
outer loop
vertex 0.0051299999468028545 -0.021309999749064445 0.34744000434875488
vertex 0.012489999644458294 -0.021649999544024467 0.3508400022983551
vertex 0.0069199996069073677 -0.02395000122487545 0.35051000118255615
endloop
endfacet
facet normal 0.26412436112834042 -0.7604157424011847 -0.593301121326263
outer loop
vertex 0.0039400001987814903 -0.009270000271499157 0.34412997961044312
vertex 0.0082900002598762512 -0.010169999673962593 0.34722000360488892
vertex 0 -0.012870000675320625 0.34698998928070068
endloop
endfacet
facet normal 0.57589013838283976 -0.41200537236346785 -0.70611764009762124
outer loop
vertex 0.021180000156164169 -0.012939999811351299 0.35050001740455627
vertex 0.015210000798106194 -0.017119999974966049 0.34806999564170837
vertex 0.02054000087082386 -0.009190000593662262 0.34779000282287598
endloop
endfacet
facet normal 0.04907629982796189 -0.032836839490755783 -0.99825510705803777
outer loop
vertex 0.012769998982548714 -0.0031699999235570431 0.34720999002456665
vertex 0.02054000087082386 -0.009190000593662262 0.34779000282287598
vertex 0.0082900002598762512 -0.010169999673962593 0.34722000360488892
endloop
endfacet
facet normal 0.50277305896244084 -0.32292171296926703 -0.80183590495471335
outer loop
vertex 0.0039400001987814903 -0.009270000271499157 0.34412997961044312
vertex 0.012769998982548714 -0.0031699999235570431 0.34720999002456665
vertex 0.0082900002598762512 -0.010169999673962593 0.34722000360488892
endloop
endfacet
facet normal 0.5722934716427549 -0.50037290353325525 -0.6496977295056392
outer loop
vertex 0.0096100000664591789 -0.0028499998152256012 0.34418001770973206
vertex 0.012769998982548714 -0.0031699999235570431 0.34720999002456665
vertex 0.0039400001987814903 -0.009270000271499157 0.34412997961044312
endloop
endfacet
facet normal 0.71815036081480976 -0.16658167907942065 -0.67565568410000054
outer loop
vertex 0.023180000483989716 -7.9999997979030013e-05 0.34834998846054077
vertex 0.024129999801516533 -0.0065300003625452518 0.3509499728679657
vertex 0.02054000087082386 -0.009190000593662262 0.34779000282287598
endloop
endfacet
facet normal 0.29969010202334823 -0.028229293681718115 -0.95361887026603365
outer loop
vertex 0.020759999752044678 0.0063199996948242188 0.3474000096321106
vertex 0.023180000483989716 -7.9999997979030013e-05 0.34834998846054077
vertex 0.02054000087082386 -0.009190000593662262 0.34779000282287598
endloop
endfacet
facet normal 0.68679006896182071 -0.06911713131514971 -0.72356217655028232
outer loop
vertex 0.0099499998614192009 0.0016799999866634607 0.34407001733779907
vertex 0.012769998982548714 -0.0031699999235570431 0.34720999002456665
vertex 0.0096100000664591789 -0.0028499998152256012 0.34418001770973206
endloop
endfacet
facet normal 0.99719685173723061 -0.074801896488132152 0.0017649836074312747
outer loop
vertex 0.010049999691545963 -0.00037000002339482307 0.20068998634815216
vertex 0.0099499998614192009 0.0016799999866634607 0.34407001733779907
vertex 0.0096100000664591789 -0.0028499998152256012 0.34418001770973206
endloop
endfacet
facet normal -0.88910379444204346 0.45770538104877756 0.00047630636562221996
outer loop
vertex 0.046709999442100525 -0.0177800003439188 0.2666199803352356
vertex 0.04149000346660614 -0.02792000025510788 0.26664999127388
vertex 0.04457000270485878 -0.022470001131296158 0.77881002426147461
endloop
endfacet
facet normal 0.22620517133874668 -0.974079529930447 0.00053835869817791041
outer loop
vertex 0.0051299999468028545 -0.0088599994778633118 0.20087997615337372
vertex -0.00012000000424450263 -0.010000000707805157 0.34413999319076538
vertex -7.9999997979030013e-05 -0.010069999843835831 0.20068000257015228
endloop
endfacet
facet normal -0.47103669107249818 0.88211335703367733 0.00067897440891298989
outer loop
vertex 0.029020000249147415 -0.040670000016689301 0.26657998561859131
vertex 0.016809999942779541 -0.047189999371767044 0.26660999655723572
vertex 0.02549000084400177 -0.042949996888637543 0.77978998422622681
endloop
endfacet
facet normal 0.0095949234525186753 0.86774493113045592 0.49691716808874742
outer loop
vertex 0.001829999964684248 -0.011470000259578228 0.20006999373435974
vertex -0.007089999970048666 -0.049469999969005585 0.26659998297691345
vertex 0.0047500003129243851 -0.049830000847578049 0.26700001955032349
endloop
endfacet
facet normal -0.57209145980452902 0.65188777068548365 0.49774862737071718
outer loop
vertex 0.0066199996508657932 -0.0097200004383921623 0.20029999315738678
vertex 0.029020000249147415 -0.040670000016689301 0.26657998561859131
vertex 0.036309998482465744 -0.034280002117156982 0.26658999919891357
endloop
endfacet
facet normal -0.77170876015193046 0.398736263000323 0.49545431885624691
outer loop
vertex 0.010560000315308571 -0.005350000225007534 0.20031000673770905
vertex 0.04149000346660614 -0.02792000025510788 0.26664999127388
vertex 0.046709999442100525 -0.0177800003439188 0.2666199803352356
endloop
endfacet
facet normal -0.31779332351767409 0.80373657050682734 0.50300589336260737
outer loop
vertex 0.001829999964684248 -0.011470000259578228 0.20006999373435974
vertex 0.016809999942779541 -0.047189999371767044 0.26660999655723572
vertex 0.0066199996508657932 -0.0097200004383921623 0.20029999315738678
endloop
endfacet
facet normal -0.4081015502069012 0.76653402135523663 0.49586159240628175
outer loop
vertex 0.029020000249147415 -0.040670000016689301 0.26657998561859131
vertex 0.0066199996508657932 -0.0097200004383921623 0.20029999315738678
vertex 0.016809999942779541 -0.047189999371767044 0.26660999655723572
endloop
endfacet
facet normal -0.64465731762729128 0.58008334439825471 0.4979159129625419
outer loop
vertex 0.0066199996508657932 -0.0097200004383921623 0.20029999315738678
vertex 0.04149000346660614 -0.02792000025510788 0.26664999127388
vertex 0.010560000315308571 -0.005350000225007534 0.20031000673770905
endloop
endfacet
facet normal -0.83313835283921089 0.23863566159816951 0.49893236620003967
outer loop
vertex 0.049040000885725021 -0.0095199998468160629 0.26656001806259155
vertex 0.010560000315308571 -0.005350000225007534 0.20031000673770905
vertex 0.046709999442100525 -0.0177800003439188 0.2666199803352356
endloop
endfacet
facet normal -0.85289610787182035 0.13632347810469092 0.50396839037239238
outer loop
vertex 0.01153000071644783 0.0016799999866634607 0.2000499814748764
vertex 0.010560000315308571 -0.005350000225007534 0.20031000673770905
vertex 0.049040000885725021 -0.0095199998468160629 0.26656001806259155
endloop
endfacet
facet normal 0.044680408419415708 -0.34719476431393759 0.93672805911665924
outer loop
vertex 0.0051299999468028545 -0.0088599994778633118 0.20087997615337372
vertex -7.9999997979030013e-05 -0.010069999843835831 0.20068000257015228
vertex 0.001829999964684248 -0.011470000259578228 0.20006999373435974
endloop
endfacet
facet normal 0.19190893253054492 -0.055111385703192364 0.97986412159077485
outer loop
vertex 0.010049999691545963 -0.00037000002339482307 0.20068998634815216
vertex 0.0089900000020861626 -0.0049499999731779099 0.2006399929523468
vertex 0.010560000315308571 -0.005350000225007534 0.20031000673770905
endloop
endfacet
facet normal -0.0011678937118194705 0.0090506672979533808 -0.99995835985591897
outer loop
vertex -0.048079997301101685 0.012819999828934669 0.77995997667312622
vertex -0.021480001509189606 0.012939999811351299 0.7799299955368042
vertex -0.024229999631643295 0.0070600002072751522 0.77987998723983765
endloop
endfacet
facet normal 0.00099435326426219016 0.011533463382792684 -0.99993299299702254
outer loop
vertex -0.027719998732209206 0.036140002310276031 0.78000003099441528
vertex -0.0075099999085068703 0.023990001529455185 0.77987998723983765
vertex -0.016520000994205475 0.018699999898672104 0.77981001138687134
endloop
endfacet
facet normal -0.0010007181214256788 0.00016761299054349218 -0.99999948523443094
outer loop
vertex 0.014220000244677067 0.04757000133395195 0.77995997667312622
vertex 0.0004400000034365803 0.025040000677108765 0.77996999025344849
vertex -0.027719998732209206 0.036140002310276031 0.78000003099441528
endloop
endfacet
facet normal -0.0079942035860127297 0.004921768199298974 -0.9999559334824798
outer loop
vertex -0.022690000012516975 0.044309999793767929 0.78000003099441528
vertex -0.011429999954998493 0.048369996249675751 0.7799299955368042
vertex -0.027719998732209206 0.036140002310276031 0.78000003099441528
endloop
endfacet
facet normal -0.0025904329538387677 -0.12026082378846058 -0.99273895053978445
outer loop
vertex 0.0084600001573562622 0.049180001020431519 0.77977997064590454
vertex 0.014220000244677067 0.04757000133395195 0.77995997667312622
vertex -0.011429999954998493 0.048369996249675751 0.7799299955368042
endloop
endfacet
facet normal 0.95659918945071565 -0.29140677710292739 0.00028460625206768554
outer loop
vertex -0.046199999749660492 0.018990000709891319 0.77846997976303101
vertex -0.048079997301101685 0.012819999828934669 0.77995997667312622
vertex -0.049490001052618027 0.007689999882131815 0.26658999919891357
endloop
endfacet
facet normal -0.98351972937532783 -0.18079508136481037 -0.0014423882186368315
outer loop
vertex -0.024939998984336853 0.00050999998347833753 0.45252999663352966
vertex -0.024199999868869781 -0.006120000034570694 0.77898001670837402
vertex -0.025150001049041748 -0.00096000003395602107 0.77997994422912598
endloop
endfacet
facet normal 0.49900107365941854 -0.86660090861256367 0.00089088642751615737
outer loop
vertex -0.032019998878240585 0.038410000503063202 0.26673001050949097
vertex -0.022690000012516975 0.044309999793767929 0.78000003099441528
vertex -0.029200000688433647 0.040559999644756317 0.77858996391296387
endloop
endfacet
facet normal 0.99072583930113578 0.13587511691047416 0.00051375638689559182
outer loop
vertex -0.024939998984336853 0.00050999998347833753 0.45252999663352966
vertex -0.024969998747110367 -0.00049999996554106474 0.7774999737739563
vertex -0.024199999868869781 -0.006120000034570694 0.77898001670837402
endloop
endfacet
facet normal -0.50631456159311505 0.86234826783903373 0.0010147284315394215
outer loop
vertex -0.0075099999085068703 0.023990001529455185 0.77987998723983765
vertex -0.012560000643134117 0.021530000492930412 0.35069000720977783
vertex -0.016520000994205475 0.018699999898672104 0.77981001138687134
endloop
endfacet
facet normal -0.75776553420575077 0.65252685651399611 0.00031096275682830697
outer loop
vertex -0.017540000379085541 0.017719998955726624 0.35068002343177795
vertex -0.021480001509189606 0.012939999811351299 0.7799299955368042
vertex -0.016520000994205475 0.018699999898672104 0.77981001138687134
endloop
endfacet
facet normal -0.13093826133282666 0.99139052432376207 -4.3849404195069252e-07
outer loop
vertex 0.0004400000034365803 0.025040000677108765 0.77996999025344849
vertex 0.0002899999963119626 0.025019999593496323 0.35089999437332153
vertex -0.0075099999085068703 0.023990001529455185 0.77987998723983765
endloop
endfacet
facet normal -0.13459976103864552 0.99090004525087871 -6.8191979835512909e-05
outer loop
vertex 0.0002899999963119626 0.025019999593496323 0.35089999437332153
vertex -0.0066299997270107269 0.024079998955130577 0.35065999627113342
vertex -0.0075099999085068703 0.023990001529455185 0.77987998723983765
endloop
endfacet
facet normal -0.99294599445950982 0.11856717693532477 0.00027684003048835716
outer loop
vertex -0.024939998984336853 0.00050999998347833753 0.45252999663352966
vertex -0.024999998509883881 -4.9999998736893758e-05 0.47716996073722839
vertex -0.024969998747110367 -0.00049999996554106474 0.7774999737739563
endloop
endfacet
facet normal 0.99955360054852238 -0.029875648303197951 0.00021276500791174015
outer loop
vertex -0.049490001052618027 0.007689999882131815 0.26658999919891357
vertex -0.049830000847578049 -3.0000001061125658e-05 0.77986997365951538
vertex -0.049840003252029419 -0.0040199998766183853 0.26659998297691345
endloop
endfacet
facet normal -0.92659539367505384 0.37605980340806405 -2.6093294393997274e-05
outer loop
vertex -0.021889999508857727 0.011900000274181366 0.35071000456809998
vertex -0.02411000058054924 0.0064300000667572021 0.35054001212120056
vertex -0.021480001509189606 0.012939999811351299 0.7799299955368042
endloop
endfacet
facet normal 0.89007040694838069 -0.45582291397963914 -0.0003765180671054848
outer loop
vertex -0.042419999837875366 0.026370000094175339 0.77977997064590454
vertex -0.046199999749660492 0.018990000709891319 0.77846997976303101
vertex -0.044449999928474426 0.022829998284578323 0.26657998561859131
endloop
endfacet
facet normal 0.56840625132841027 -0.82274757255086672 -0.00087482137620448859
outer loop
vertex -0.022690000012516975 0.044309999793767929 0.78000003099441528
vertex -0.032019998878240585 0.038410000503063202 0.26673001050949097
vertex -0.024999998509883881 0.043260000646114349 0.26659998297691345
endloop
endfacet
facet normal 0.20925575971847646 -0.97786046091400403 -0.00097262824077960189
outer loop
vertex -0.0028499998152256012 0.049840003252029419 0.77876996994018555
vertex -0.014949999749660492 0.047760002315044403 0.26670998334884644
vertex -0.0071000000461935997 0.049440000206232071 0.26656001806259155
endloop
endfacet
facet normal 0.97140835747839038 -0.23741271653191379 -0.0010025218566097169
outer loop
vertex -0.046199999749660492 0.018990000709891319 0.77846997976303101
vertex -0.049490001052618027 0.007689999882131815 0.26658999919891357
vertex -0.047960001975297928 0.013950000517070293 0.26664000749588013
endloop
endfacet
facet normal -0.99056119018787292 -0.13613852933731915 -0.015963374438276046
outer loop
vertex -0.02411000058054924 0.0064300000667572021 0.35054001212120056
vertex -0.023180000483989716 -7.9999997979030013e-05 0.34834998846054077
vertex -0.024939998984336853 0.00050999998347833753 0.45252999663352966
endloop
endfacet
facet normal -0.65032973918115877 0.28580974953793981 -0.70383522035035018
outer loop
vertex -0.021889999508857727 0.011900000274181366 0.35071000456809998
vertex -0.020759999752044678 0.0063199996948242188 0.3474000096321106
vertex -0.02411000058054924 0.0064300000667572021 0.35054001212120056
endloop
endfacet
facet normal -0.62947376651746201 0.29816215530155765 -0.71753892327332969
outer loop
vertex -0.017610000446438789 0.013620000332593918 0.34767001867294312
vertex -0.020759999752044678 0.0063199996948242188 0.3474000096321106
vertex -0.021889999508857727 0.011900000274181366 0.35071000456809998
endloop
endfacet
facet normal -0.020228122419481655 0.01222770998274901 -0.99972061405772794
outer loop
vertex -0.0061400001868605614 0.011699999682605267 0.34716999530792236
vertex -0.012070000171661377 0.0051599997095763683 0.34720999002456665
vertex -0.020759999752044678 0.0063199996948242188 0.3474000096321106
endloop
endfacet
facet normal -0.030252334435090875 0.039509246844477042 -0.99876114045101361
outer loop
vertex -0.008829999715089798 0.020509999245405197 0.34759998321533203
vertex -0.0061400001868605614 0.011699999682605267 0.34716999530792236
vertex -0.020759999752044678 0.0063199996948242188 0.3474000096321106
endloop
endfacet
facet normal -0.11640639904501537 0.68674907172417421 -0.71751324917896653
outer loop
vertex -0.0066299997270107269 0.024079998955130577 0.35065999627113342
vertex 0 0.021850001066923141 0.34744998812675476
vertex -0.008829999715089798 0.020509999245405197 0.34759998321533203
endloop
endfacet
facet normal -0 -0.11124173359874784 -0.99379337727011696
outer loop
vertex 0 0.021850001066923141 0.34744998812675476
vertex 0.008829999715089798 0.020509999245405197 0.34759998321533203
vertex -0.008829999715089798 0.020509999245405197 0.34759998321533203
endloop
endfacet
facet normal -0.64308448115565431 0.054040623281483437 -0.76388609172579647
outer loop
vertex -0.012070000171661377 0.0051599997095763683 0.34720999002456665
vertex -0.0085499994456768036 0.0054899998940527439 0.34426999092102051
vertex -0.012769998982548714 -0.0031699999235570431 0.34720999002456665
endloop
endfacet
facet normal -0.41107586473877195 0.51181189641805525 -0.75436411375026624
outer loop
vertex -0.0061400001868605614 0.011699999682605267 0.34716999530792236
vertex -0.0026699998416006565 0.0098000001162290573 0.34398999810218811
vertex -0.0085499994456768036 0.0054899998940527439 0.34426999092102051
endloop
endfacet
facet normal 0.83957121073376151 -0.54324948263181527 0.00042629486381167109
outer loop
vertex -0.042419999837875366 0.026370000094175339 0.77977997064590454
vertex -0.044449999928474426 0.022829998284578323 0.26657998561859131
vertex -0.039169996976852417 0.030990000814199448 0.26652997732162476
endloop
endfacet
facet normal 0.72008191601230054 -0.69388897239187686 0.00035808518459984779
outer loop
vertex -0.032019998878240585 0.038410000503063202 0.26673001050949097
vertex -0.036120001226663589 0.034419998526573181 0.77978998422622681
vertex -0.039169996976852417 0.030990000814199448 0.26652997732162476
endloop
endfacet
facet normal 0.40866464932699426 -0.9126846134422687 2.7860029179626035e-05
outer loop
vertex -0.022690000012516975 0.044309999793767929 0.78000003099441528
vertex -0.024999998509883881 0.043260000646114349 0.26659998297691345
vertex -0.014949999749660492 0.047760002315044403 0.26670998334884644
endloop
endfacet
facet normal -0.59109263571450166 0.80659842829893758 0.0029105789401616226
outer loop
vertex -0.0026699998416006565 0.0098000001162290573 0.34398999810218811
vertex -0.0044800001196563244 0.0089900000020861626 0.20087997615337372
vertex -0.0085499994456768036 0.0054899998940527439 0.34426999092102051
endloop
endfacet
facet normal -0.664262046312046 0.74749954058640644 -0.00060881232298579232
outer loop
vertex -0.0044800001196563244 0.0089900000020861626 0.20087997615337372
vertex -0.0088800005614757538 0.0050800004974007607 0.20093001425266266
vertex -0.0085499994456768036 0.0054899998940527439 0.34426999092102051
endloop
endfacet
facet normal 0.86599937465765586 -0.025458226062791734 0.49939659772397799
outer loop
vertex -0.049490001052618027 0.007689999882131815 0.26658999919891357
vertex -0.049840003252029419 -0.0040199998766183853 0.26659998297691345
vertex -0.011390000581741333 -0.0021399999968707561 0.20002000033855438
endloop
endfacet
facet normal 0.80835632403003754 -0.31616293112257438 0.49658942234468417
outer loop
vertex -0.044449999928474426 0.022829998284578323 0.26657998561859131
vertex -0.047960001975297928 0.013950000517070293 0.26664000749588013
vertex -0.010730000212788582 0.0048299999907612801 0.20022998750209808
endloop
endfacet
facet normal 0.32086815678629221 -0.80457954544375221 0.49969528816478986
outer loop
vertex -0.014949999749660492 0.047760002315044403 0.26670998334884644
vertex -0.0058100000023841858 0.01039000041782856 0.20066998898983002
vertex -0.0026500001549720764 0.011289999820291996 0.20008999109268188
endloop
endfacet
facet normal 0.039800454507548343 -0.86546233178028475 0.49939050460578938
outer loop
vertex 0.0025599999353289604 0.049890000373125076 0.26657000184059143
vertex -0.0071000000461935997 0.049440000206232071 0.26656001806259155
vertex -0.0026500001549720764 0.011289999820291996 0.20008999109268188
endloop
endfacet
facet normal 0.10677784037337279 0.24593796624054431 0.96338622035332411
outer loop
vertex -0.0058100000023841858 0.01039000041782856 0.20066998898983002
vertex -0.0044800001196563244 0.0089900000020861626 0.20087997615337372
vertex -0.0026500001549720764 0.011289999820291996 0.20008999109268188
endloop
endfacet
facet normal -0.37117996315262536 0.39918861431960184 0.83837574222517419
outer loop
vertex -0.0074800001457333565 0.0086500002071261406 0.19985000789165497
vertex -0.010730000212788582 0.0048299999907612801 0.20022998750209808
vertex -0.0088800005614757538 0.0050800004974007607 0.20093001425266266
endloop
endfacet
facet normal 0.019221338833465725 0.0038598581311314016 -0.99980780234435884
outer loop
vertex 0.014220000244677067 0.04757000133395195 0.77995997667312622
vertex 0.017589999362826347 0.017850000411272049 0.77991002798080444
vertex 0.011500000022351742 0.022269999608397484 0.77981001138687134
endloop
endfacet
facet normal -0.014317117137682111 0.0074659400953590981 -0.99986963144969976
outer loop
vertex 0.014220000244677067 0.04757000133395195 0.77995997667312622
vertex 0.011500000022351742 0.022269999608397484 0.77981001138687134
vertex 0.0075099999085068703 0.023990001529455185 0.77987998723983765
endloop
endfacet
facet normal 0.008465734044225369 0.0026405195862336168 -0.99996067872862238
outer loop
vertex 0.014220000244677067 0.04757000133395195 0.77995997667312622
vertex 0.021480001509189606 0.012939999811351299 0.7799299955368042
vertex 0.017589999362826347 0.017850000411272049 0.77991002798080444
endloop
endfacet
facet normal -0.00069757531101695143 0.00071951263445676605 -0.99999949784500108
outer loop
vertex 0.014220000244677067 0.04757000133395195 0.77995997667312622
vertex 0.044860001653432846 0.021689999848604202 0.77991998195648193
vertex 0.021480001509189606 0.012939999811351299 0.7799299955368042
endloop
endfacet
facet normal 0.0031443498360718097 -0.0095460541506804716 -0.99994949168158531
outer loop
vertex 0.044860001653432846 0.021689999848604202 0.77991998195648193
vertex 0.04822000116109848 0.012319999746978283 0.78001999855041504
vertex 0.021480001509189606 0.012939999811351299 0.7799299955368042
endloop
endfacet
facet normal 0.013687048843650667 0.017749452806366878 -0.99974877925358141
outer loop
vertex 0.039360001683235168 0.030439998954534531 0.78000003099441528
vertex 0.044860001653432846 0.021689999848604202 0.77991998195648193
vertex 0.014220000244677067 0.04757000133395195 0.77995997667312622
endloop
endfacet
facet normal -0.012639538667919318 -0.020887352780302543 -0.9997019358569299
outer loop
vertex 0.024009998887777328 0.043560001999139786 0.77991998195648193
vertex 0.039360001683235168 0.030439998954534531 0.78000003099441528
vertex 0.014220000244677067 0.04757000133395195 0.77995997667312622
endloop
endfacet
facet normal -0.046465223110574015 -0.060446430291086567 -0.99708937017017163
outer loop
vertex 0.039360001683235168 0.030439998954534531 0.78000003099441528
vertex 0.024009998887777328 0.043560001999139786 0.77991998195648193
vertex 0.032159999012947083 0.038119997829198837 0.77986997365951538
endloop
endfacet
facet normal -0.94130669650352583 -0.33755178822110832 -0.00070241465762646061
outer loop
vertex 0.044860001653432846 0.021689999848604202 0.77991998195648193
vertex 0.045909997075796127 0.019829999655485153 0.26666000485420227
vertex 0.04822000116109848 0.012319999746978283 0.78001999855041504
endloop
endfacet
facet normal -0.84663569952461415 -0.5321728606956968 0.00019654369960046819
outer loop
vertex 0.039360001683235168 0.030439998954534531 0.78000003099441528
vertex 0.045909997075796127 0.019829999655485153 0.26666000485420227
vertex 0.044860001653432846 0.021689999848604202 0.77991998195648193
endloop
endfacet
facet normal -0.87871517384620412 -0.47734456270150083 -0.0013459984205660938
outer loop
vertex 0.039360001683235168 0.030439998954534531 0.78000003099441528
vertex 0.041450001299381256 0.028039999306201935 0.26670998334884644
vertex 0.045909997075796127 0.019829999655485153 0.26666000485420227
endloop
endfacet
facet normal 0.92930844189073891 0.36930450005248078 -7.7920436689470743e-05
outer loop
vertex 0.024199999868869781 0.0060700001195073128 0.35055997967720032
vertex 0.021759999915957451 0.012210000306367874 0.35078001022338867
vertex 0.024220000952482224 0.0061099999584257603 0.77867996692657471
endloop
endfacet
facet normal 0.99125821996147112 0.1319361130264218 -5.8636976911171911e-05
outer loop
vertex 0.024199999868869781 0.0060700001195073128 0.35055997967720032
vertex 0.024220000952482224 0.0061099999584257603 0.77867996692657471
vertex 0.025019999593496323 9.9999997473787516e-05 0.77986001968383789
endloop
endfacet
facet normal -0.99988462220470165 -0.015079965172141092 0.0018267262980961852
outer loop
vertex 0.049149997532367706 0.0096899997442960739 0.26675999164581299
vertex 0.049750000238418579 -0.0047699999995529652 0.47581002116203308
vertex 0.0502299964427948 0 0.77792000770568848
endloop
endfacet
facet normal -0.55517436410682297 -0.83173366653760117 -0.00073033314542610866
outer loop
vertex 0.028969999402761459 0.040699996054172516 0.26658999919891357
vertex 0.032159999012947083 0.038119997829198837 0.77986997365951538
vertex 0.024009998887777328 0.043560001999139786 0.77991998195648193
endloop
endfacet
facet normal -0.99627847149127202 -0.086137132547079678 -0.0030986512520028704
outer loop
vertex 0.049149997532367706 0.0096899997442960739 0.26675999164581299
vertex 0.049970000982284546 0.00020999999833293259 0.26664000749588013
vertex 0.049750000238418579 -0.0047699999995529652 0.47581002116203308
endloop
endfacet
facet normal 0.39504309769732604 0.9186623867605167 -0.00060836927264978945
outer loop
vertex 0.012560000643134117 0.021530000492930412 0.35069000720977783
vertex 0.0066299997270107269 0.024079998955130577 0.35065999627113342
vertex 0.011500000022351742 0.022269999608397484 0.77981001138687134
endloop
endfacet
facet normal -0.15083437991164647 -0.98855897931201742 0.00036641267899545387
outer loop
vertex 0.0084600001573562622 0.049180001020431519 0.77977997064590454
vertex 0.0025599999353289604 0.049890000373125076 0.26657000184059143
vertex 0.013439999893307686 0.048229999840259552 0.26675999164581299
endloop
endfacet
facet normal -0.35778184728176632 -0.93380451712242918 -0.0011285200013961981
outer loop
vertex 0.02054000087082386 0.045510001480579376 0.26648998260498047
vertex 0.024009998887777328 0.043560001999139786 0.77991998195648193
vertex 0.013439999893307686 0.048229999840259552 0.26675999164581299
endloop
endfacet
facet normal 0.60762801770632824 0.79422174161050052 0.00013134481997656837
outer loop
vertex 0.011500000022351742 0.022269999608397484 0.77981001138687134
vertex 0.017540000379085541 0.017719998955726624 0.35068002343177795
vertex 0.012560000643134117 0.021530000492930412 0.35069000720977783
endloop
endfacet
facet normal 0.67486634124684364 0.14787001456963689 -0.72297294572015236
outer loop
vertex 0.024199999868869781 0.0060700001195073128 0.35055997967720032
vertex 0.023180000483989716 -7.9999997979030013e-05 0.34834998846054077
vertex 0.020759999752044678 0.0063199996948242188 0.3474000096321106
endloop
endfacet
facet normal 0.017958174306969363 0.02918232467243571 -0.9994127755348502
outer loop
vertex 0.008829999715089798 0.020509999245405197 0.34759998321533203
vertex 0.020759999752044678 0.0063199996948242188 0.3474000096321106
vertex 0.012070000171661377 0.0051599997095763683 0.34720999002456665
endloop
endfacet
facet normal 0.070183396323979061 0.040137505921649136 -0.99672627711865847
outer loop
vertex 0.008829999715089798 0.020509999245405197 0.34759998321533203
vertex 0.012070000171661377 0.0051599997095763683 0.34720999002456665
vertex 0.006029999814927578 0.011500000022351742 0.34703999757766724
endloop
endfacet
facet normal 0.57272675086967506 0.52883185284086498 -0.62635528277421171
outer loop
vertex 0.012070000171661377 0.0051599997095763683 0.34720999002456665
vertex 0.0085499994456768036 0.0054899998940527439 0.34426999092102051
vertex 0.006029999814927578 0.011500000022351742 0.34703999757766724
endloop
endfacet
facet normal 0.62622640066970658 0.46830337857621723 -0.62332370460168152
outer loop
vertex 0.017540000379085541 0.017719998955726624 0.35068002343177795
vertex 0.021759999915957451 0.012210000306367874 0.35078001022338867
vertex 0.017610000446438789 0.013620000332593918 0.34767001867294312
endloop
endfacet
facet normal 0.63525087897299215 0.30043075471329528 -0.71147570751673639
outer loop
vertex 0.020759999752044678 0.0063199996948242188 0.3474000096321106
vertex 0.017610000446438789 0.013620000332593918 0.34767001867294312
vertex 0.021759999915957451 0.012210000306367874 0.35078001022338867
endloop
endfacet
facet normal 0.42900082479433987 0.53931464373081628 -0.72463646567315321
outer loop
vertex 0.017540000379085541 0.017719998955726624 0.35068002343177795
vertex 0.017610000446438789 0.013620000332593918 0.34767001867294312
vertex 0.008829999715089798 0.020509999245405197 0.34759998321533203
endloop
endfacet
facet normal 0.3135695502978102 0.72194407323418053 -0.61682322609323759
outer loop
vertex 0.012560000643134117 0.021530000492930412 0.35069000720977783
vertex 0.008829999715089798 0.020509999245405197 0.34759998321533203
vertex 0.0066299997270107269 0.024079998955130577 0.35065999627113342
endloop
endfacet
facet normal 0.6319755354322879 0.27034335605407039 -0.72630667933903448
outer loop
vertex 0.012070000171661377 0.0051599997095763683 0.34720999002456665
vertex 0.0099499998614192009 0.0016799999866634607 0.34407001733779907
vertex 0.0085499994456768036 0.0054899998940527439 0.34426999092102051
endloop
endfacet
facet normal 0.13431315468279056 0.65178693351434336 -0.74641393996838357
outer loop
vertex 0.006029999814927578 0.011500000022351742 0.34703999757766724
vertex -0.0026699998416006565 0.0098000001162290573 0.34398999810218811
vertex 0 0.012880000285804272 0.3471599817276001
endloop
endfacet
facet normal 0.44975461999981359 0.52245893682616407 -0.72440143644204469
outer loop
vertex 0.006029999814927578 0.011500000022351742 0.34703999757766724
vertex 0.0085499994456768036 0.0054899998940527439 0.34426999092102051
vertex 0.0039200000464916229 0.0092399995774030685 0.34409999847412109
endloop
endfacet
facet normal 0.046532995669974583 -0.99891667574807963 0.00039398779682475868
outer loop
vertex 0.0025599999353289604 0.049890000373125076 0.26657000184059143
vertex -0.0028499998152256012 0.049840003252029419 0.77876996994018555
vertex -0.0071000000461935997 0.049440000206232071 0.26656001806259155
endloop
endfacet
facet normal 0.26016559968106601 0.96556378052850977 -0.00066818716172839998
outer loop
vertex 0.0044800001196563244 0.0089900000020861626 0.20087997615337372
vertex 0.00036000000545755029 0.010099999606609344 0.20072001218795776
vertex 0.0039200000464916229 0.0092399995774030685 0.34409999847412109
endloop
endfacet
facet normal 0.084607289664474811 0.99640683705847299 0.0038757707312456033
outer loop
vertex 0.0039200000464916229 0.0092399995774030685 0.34409999847412109
vertex 0.00036000000545755029 0.010099999606609344 0.20072001218795776
vertex -0.0026699998416006565 0.0098000001162290573 0.34398999810218811
endloop
endfacet
facet normal -0.49558498853297084 -0.8685594490756875 5.0617323056881024e-05
outer loop
vertex 0.028969999402761459 0.040699996054172516 0.26658999919891357
vertex 0.024009998887777328 0.043560001999139786 0.77991998195648193
vertex 0.02054000087082386 0.045510001480579376 0.26648998260498047
endloop
endfacet
facet normal -0.60311453653076685 -0.61904327908799839 0.50302909900050197
outer loop
vertex 0.0052000000141561031 0.010610000230371952 0.20010001957416534
vertex 0.0099600004032254219 0.0062000001780688763 0.20038001239299774
vertex 0.036079999059438705 0.034570001065731049 0.26660999655723572
endloop
endfacet
facet normal -0.82753538380524738 -0.25951066553688762 0.49783471456187495
outer loop
vertex 0.01153000071644783 0.0016799999866634607 0.2000499814748764
vertex 0.049149997532367706 0.0096899997442960739 0.26675999164581299
vertex 0.045909997075796127 0.019829999655485153 0.26666000485420227
endloop
endfacet
facet normal -0.43484580521176314 -0.75180224672857132 0.49568387859966356
outer loop
vertex 0.0052000000141561031 0.010610000230371952 0.20010001957416534
vertex 0.028969999402761459 0.040699996054172516 0.26658999919891357
vertex 0.02054000087082386 0.045510001480579376 0.26648998260498047
endloop
endfacet
facet normal 0.42616642674596406 -0.025354695736052306 0.90428939843321665
outer loop
vertex 0.01153000071644783 0.0016799999866634607 0.2000499814748764
vertex 0.010049999691545963 -0.00037000002339482307 0.20068998634815216
vertex 0.010560000315308571 -0.005350000225007534 0.20031000673770905
endloop
endfacet
facet normal 0.35527712063862765 0.035130951811766641 0.93410062829200868
outer loop
vertex 0.0088800005614757538 0.0050800004974007607 0.20093001425266266
vertex 0.010049999691545963 -0.00037000002339482307 0.20068998634815216
vertex 0.01153000071644783 0.0016799999866634607 0.2000499814748764
endloop
endfacet
facet normal 0.39411089624305934 0.069981336002536157 0.91639468247791167
outer loop
vertex 0.0099600004032254219 0.0062000001780688763 0.20038001239299774
vertex 0.0088800005614757538 0.0050800004974007607 0.20093001425266266
vertex 0.01153000071644783 0.0016799999866634607 0.2000499814748764
endloop
endfacet
facet normal 0.19704198866698122 0.27247370372255264 0.94177095701761582
outer loop
vertex 0.0099600004032254219 0.0062000001780688763 0.20038001239299774
vertex 0.0052000000141561031 0.010610000230371952 0.20010001957416534
vertex 0.0088800005614757538 0.0050800004974007607 0.20093001425266266
endloop
endfacet
facet normal 0.073942600613298368 0.40573853930272591 0.91099326536425751
outer loop
vertex 0.0052000000141561031 0.010610000230371952 0.20010001957416534
vertex 0.00036000000545755029 0.010099999606609344 0.20072001218795776
vertex 0.0044800001196563244 0.0089900000020861626 0.20087997615337372
endloop
endfacet
endsolid DEMgeoFile
