solid DEMgeoFile
facet normal 0.0064147042643215302 -0.0043834995989779392 -0.9999698177947508
outer loop
vertex -0.027799999341368675 -0.041260004043579102 0.57990002632141113
vertex -0.0067400000989437103 -0.024119999259710312 0.57995998859405518
vertex -0.010859999805688858 -0.048409998416900635 0.58004003763198853
endloop
endfacet
facet normal -0.0036438962580948608 -0.0026774545203767553 -0.99998977657641663
outer loop
vertex -0.010859999805688858 -0.048409998416900635 0.58004003763198853
vertex -0.0067400000989437103 -0.024119999259710312 0.57995998859405518
vertex 0.008829999715089798 -0.049049999564886093 0.57997000217437744
endloop
endfacet
facet normal 0.011857215380356542 -0.011071091700972121 -0.99986841002802584
outer loop
vertex -0.012760000303387642 -0.021540001034736633 0.57986003160476685
vertex -0.0067400000989437103 -0.024119999259710312 0.57995998859405518
vertex -0.027799999341368675 -0.041260004043579102 0.57990002632141113
endloop
endfacet
facet normal -0.011022364264387557 -0.0067778706124521646 -0.99991628047351244
outer loop
vertex -0.048830002546310425 -0.0097700003534555435 0.57993000745773315
vertex -0.021730000153183937 -0.012529999949038029 0.57964998483657837
vertex -0.046199999749660492 -0.018470000475645065 0.57995998859405518
endloop
endfacet
facet normal 0.055039692526284732 -0.0005021855622109109 -0.99848404096223453
outer loop
vertex -0.049830000847578049 -3.0000001061125658e-05 0.57986998558044434
vertex -0.048079997301101685 0.012819999828934669 0.57995998859405518
vertex -0.048830002546310425 -0.0097700003534555435 0.57993000745773315
endloop
endfacet
facet normal 0.12783688830709528 0.21131715576233287 -0.96902156305650766
outer loop
vertex -0.048079997301101685 0.012819999828934669 0.57995998859405518
vertex -0.025150001049041748 -0.00096000003395602107 0.57997995615005493
vertex -0.024199999868869781 -0.006120000034570694 0.57898002862930298
endloop
endfacet
facet normal 0.46552573363761723 0.88503376260827904 0.0010150687615397393
outer loop
vertex -0.031890001147985458 -0.038520000874996185 0.066639997065067291
vertex -0.027799999341368675 -0.041260004043579102 0.57990002632141113
vertex -0.019340001046657562 -0.045710001140832901 0.57995003461837769
endloop
endfacet
facet normal 0.95721890040717839 0.28936343466417946 -0.00088282649554977468
outer loop
vertex -0.047679997980594635 -0.01513999979943037 0.066720016300678253
vertex -0.048830002546310425 -0.0097700003534555435 0.57993000745773315
vertex -0.046199999749660492 -0.018470000475645065 0.57995998859405518
endloop
endfacet
facet normal 0.99477099951874282 0.10212735712357153 -0.00081329172873144688
outer loop
vertex -0.049840003252029419 -0.0040199998766183853 0.06659998744726181
vertex -0.049830000847578049 -3.0000001061125658e-05 0.57986998558044434
vertex -0.048830002546310425 -0.0097700003534555435 0.57993000745773315
endloop
endfacet
facet normal -0.99074046912578384 -0.13576933351577372 -0.00010446580484579309
outer loop
vertex -0.024199999868869781 -0.006120000034570694 0.57898002862930298
vertex -0.024969998747110367 -0.00049999996554106474 0.57749998569488525
vertex -0.024999998509883881 -4.9999998736893758e-05 0.27716997265815735
endloop
endfacet
facet normal -0.13761005654308628 -0.99048647963664549 -7.7428765506717332e-05
outer loop
vertex -0.0010799999581649899 -0.024890001863241196 0.370790034532547
vertex -0.00018999999156221747 -0.025030000135302544 0.57993000745773315
vertex -0.0067400000989437103 -0.024119999259710312 0.57995998859405518
endloop
endfacet
facet normal -0.39391643515686564 -0.91914623827063191 -0.00018651073267786115
outer loop
vertex -0.012760000303387642 -0.021540001034736633 0.57986003160476685
vertex -0.00684000039473176 -0.023990001529455185 0.15052001178264618
vertex -0.0067400000989437103 -0.024119999259710312 0.57995998859405518
endloop
endfacet
facet normal -0.70867505715871781 -0.70553496942457705 -0.00026510403455210575
outer loop
vertex -0.012760000303387642 -0.021540001034736633 0.57986003160476685
vertex -0.021730000153183937 -0.012529999949038029 0.57964998483657837
vertex -0.012489999644458294 -0.021649999544024467 0.15084001421928406
endloop
endfacet
facet normal -0.14444291918232385 -0.9895130986463806 -0.00026590473268671145
outer loop
vertex -0.0010799999581649899 -0.024890001863241196 0.370790034532547
vertex -0.0067400000989437103 -0.024119999259710312 0.57995998859405518
vertex -0.00684000039473176 -0.023990001529455185 0.15052001178264618
endloop
endfacet
facet normal 0.55891302148387378 0.82922375284600336 -0.0020499101826855115
outer loop
vertex -0.019340001046657562 -0.045710001140832901 0.57995003461837769
vertex -0.023269999772310257 -0.044330000877380371 0.066660001873970032
vertex -0.031890001147985458 -0.038520000874996185 0.066639997065067291
endloop
endfacet
facet normal 0.21704452759276083 0.97616086482431375 -0.0012802450872166286
outer loop
vertex -0.002360000042244792 -0.049850001931190491 0.57875001430511475
vertex -0.007089999970048666 -0.049469999969005585 0.06659998744726181
vertex -0.014960000291466713 -0.047720000147819519 0.066709995269775391
endloop
endfacet
facet normal 0.98165160565787635 0.19068320141547018 0.00020446823775669611
outer loop
vertex -0.047679997980594635 -0.01513999979943037 0.066720016300678253
vertex -0.049840003252029419 -0.0040199998766183853 0.06659998744726181
vertex -0.048830002546310425 -0.0097700003534555435 0.57993000745773315
endloop
endfacet
facet normal -0.31469770406372566 -0.66756919051970121 -0.67477161390050377
outer loop
vertex -0.0088700000196695328 -0.019940000027418137 0.14745998382568359
vertex -0.00684000039473176 -0.023990001529455185 0.15052001178264618
vertex -0.012489999644458294 -0.021649999544024467 0.15084001421928406
endloop
endfacet
facet normal -0.017880895340457285 -0.16836006510238102 -0.98556337292968921
outer loop
vertex -0.0088700000196695328 -0.019940000027418137 0.14745998382568359
vertex 0.0051299999468028545 -0.021309999749064445 0.14744001626968384
vertex 0 -0.022169999778270721 0.14767999947071075
endloop
endfacet
facet normal -0.53038767819051957 -0.38319042277596216 -0.75621029529916417
outer loop
vertex -0.020509999245405197 -0.013060000725090504 0.14972999691963196
vertex -0.02054000087082386 -0.009190000593662262 0.14779001474380493
vertex -0.015210000798106194 -0.017119999974966049 0.14807000756263733
endloop
endfacet
facet normal -0.15611584860815514 -0.13945611651370177 -0.97784448322842854
outer loop
vertex -0.0088700000196695328 -0.019940000027418137 0.14745998382568359
vertex -0.015210000798106194 -0.017119999974966049 0.14807000756263733
vertex -0.02054000087082386 -0.009190000593662262 0.14779001474380493
endloop
endfacet
facet normal -0.043450336106935432 -0.021954704922044564 -0.99881432670140458
outer loop
vertex -0.020759999752044678 0.0063199996948242188 0.14740000665187836
vertex -0.0082900002598762512 -0.010169999673962593 0.14722000062465668
vertex -0.0088700000196695328 -0.019940000027418137 0.14745998382568359
endloop
endfacet
facet normal -0.2641231838468836 -0.76041531028649945 -0.59330219925133609
outer loop
vertex -0.0039400001987814903 -0.009270000271499157 0.14412999153137207
vertex 0 -0.012870000675320625 0.14699000120162964
vertex -0.0082900002598762512 -0.010169999673962593 0.14722000062465668
endloop
endfacet
facet normal -0.99828061339239127 -0.058495103044369834 -0.0037602984907334361
outer loop
vertex -0.024939998984336853 0.00050999998347833753 0.25253000855445862
vertex -0.024149999022483826 -0.0064300000667572021 0.1507599949836731
vertex -0.024999998509883881 -4.9999998736893758e-05 0.27716997265815735
endloop
endfacet
facet normal -0.69688885156354263 -0.15896442661553054 -0.6993398598944881
outer loop
vertex -0.023180000483989716 -7.9999997979030013e-05 0.14835000038146973
vertex -0.02054000087082386 -0.009190000593662262 0.14779001474380493
vertex -0.024149999022483826 -0.0064300000667572021 0.1507599949836731
endloop
endfacet
facet normal -0.29969311954805034 -0.028230228126775538 -0.95361789429281796
outer loop
vertex -0.020759999752044678 0.0063199996948242188 0.14740000665187836
vertex -0.02054000087082386 -0.009190000593662262 0.14779001474380493
vertex -0.023180000483989716 -7.9999997979030013e-05 0.14835000038146973
endloop
endfacet
facet normal -0.10539285943205477 -0.068870542068705687 -0.99204293940126287
outer loop
vertex -0.020759999752044678 0.0063199996948242188 0.14740000665187836
vertex -0.012769998982548714 -0.0031699999235570431 0.14720998704433441
vertex -0.0082900002598762512 -0.010169999673962593 0.14722000062465668
endloop
endfacet
facet normal -0.65309690723153879 -0.41888438695438107 -0.63087264969282897
outer loop
vertex -0.0078100003302097321 -0.0063700000755488873 0.14419998228549957
vertex -0.0082900002598762512 -0.010169999673962593 0.14722000062465668
vertex -0.012769998982548714 -0.0031699999235570431 0.14720998704433441
endloop
endfacet
facet normal -0.63595346958005183 -0.32916292686410115 -0.69800784530501681
outer loop
vertex -0.0096100000664591789 -0.0028499998152256012 0.14418001472949982
vertex -0.0078100003302097321 -0.0063700000755488873 0.14419998228549957
vertex -0.012769998982548714 -0.0031699999235570431 0.14720998704433441
endloop
endfacet
facet normal -0.69395324140798509 0.095898829939564278 -0.71360515213637099
outer loop
vertex -0.0085499994456768036 0.0054899998940527439 0.14426998794078827
vertex -0.0096100000664591789 -0.0028499998152256012 0.14418001472949982
vertex -0.012769998982548714 -0.0031699999235570431 0.14720998704433441
endloop
endfacet
facet normal -0.41344531175927007 -0.53393510420828205 -0.73754747554199585
outer loop
vertex -0.0078100003302097321 -0.0063700000755488873 0.14419998228549957
vertex -0.0039400001987814903 -0.009270000271499157 0.14412999153137207
vertex -0.0082900002598762512 -0.010169999673962593 0.14722000062465668
endloop
endfacet
facet normal -0.23299348587200727 -0.97247820943019703 0.00040954199848735641
outer loop
vertex -7.9999997979030013e-05 -0.010069999843835831 0.00068000884493812919
vertex -0.00012000000424450263 -0.010000000707805157 0.14414000511169434
vertex -0.0051299999468028545 -0.0088599994778633118 0.00087998242815956473
endloop
endfacet
facet normal -0.97158391038474901 -0.23669321329367232 -0.001013835388948397
outer loop
vertex -0.0096100000664591789 -0.0028499998152256012 0.14418001472949982
vertex -0.010139999911189079 -6.0000002122251317e-05 0.00073000224074348807
vertex -0.009100000374019146 -0.0043299999088048935 0.00096000166377052665
endloop
endfacet
facet normal 0.19470086822837213 0.84420396701868594 0.49941088692681845
outer loop
vertex -0.007089999970048666 -0.049469999969005585 0.06659998744726181
vertex -0.0048600002191960812 -0.010679999366402626 0.00015999555762391537
vertex -0.014960000291466713 -0.047720000147819519 0.066709995269775391
endloop
endfacet
facet normal 0.71963709999234693 0.48609155916939761 0.49581996774925163
outer loop
vertex -0.0096199996769428253 -0.0066299997270107269 0.00017001658852677792
vertex -0.044439997524023056 -0.022839998826384544 0.06659998744726181
vertex -0.037450000643730164 -0.033270001411437988 0.066680006682872772
endloop
endfacet
facet normal 0.59615062128611818 0.62753534215391704 0.50080318598022278
outer loop
vertex -0.0096199996769428253 -0.0066299997270107269 0.00017001658852677792
vertex -0.037450000643730164 -0.033270001411437988 0.066680006682872772
vertex -0.031890001147985458 -0.038520000874996185 0.066639997065067291
endloop
endfacet
facet normal -0.75208249534042881 -0.65906379948096494 -0.0026131238448511168
outer loop
vertex -0.0078100003302097321 -0.0063700000755488873 0.14419998228549957
vertex -0.009100000374019146 -0.0043299999088048935 0.00096000166377052665
vertex -0.0051299999468028545 -0.0088599994778633118 0.00087998242815956473
endloop
endfacet
facet normal 0.80092018058795267 0.32921432042679627 0.50014477459320106
outer loop
vertex -0.047679997980594635 -0.01513999979943037 0.066720016300678253
vertex -0.044439997524023056 -0.022839998826384544 0.06659998744726181
vertex -0.0096199996769428253 -0.0066299997270107269 0.00017001658852677792
endloop
endfacet
facet normal 0.85116530701801218 0.17069245569143982 0.49636851803771664
outer loop
vertex -0.011390000581741333 -0.0021399999968707561 1.999914638872724e-05
vertex -0.049840003252029419 -0.0040199998766183853 0.06659998744726181
vertex -0.047679997980594635 -0.01513999979943037 0.066720016300678253
endloop
endfacet
facet normal 0.56057307004830659 0.65760100827686974 0.50330780547281473
outer loop
vertex -0.031890001147985458 -0.038520000874996185 0.066639997065067291
vertex -0.0048600002191960812 -0.010679999366402626 0.00015999555762391537
vertex -0.0096199996769428253 -0.0066299997270107269 0.00017001658852677792
endloop
endfacet
facet normal -0.052979650774028247 -0.37412820252604723 0.92586243291241233
outer loop
vertex -0.0051299999468028545 -0.0088599994778633118 0.00087998242815956473
vertex -0.0048600002191960812 -0.010679999366402626 0.00015999555762391537
vertex -7.9999997979030013e-05 -0.010069999843835831 0.00068000884493812919
endloop
endfacet
facet normal -0.51138236126376346 -0.17347064837412479 0.84166264901144239
outer loop
vertex -0.009100000374019146 -0.0043299999088048935 0.00096000166377052665
vertex -0.011390000581741333 -0.0021399999968707561 1.999914638872724e-05
vertex -0.0096199996769428253 -0.0066299997270107269 0.00017001658852677792
endloop
endfacet
facet normal -0.42487315989386687 -0.38680764808293533 0.81845136775886007
outer loop
vertex -0.009100000374019146 -0.0043299999088048935 0.00096000166377052665
vertex -0.0048600002191960812 -0.010679999366402626 0.00015999555762391537
vertex -0.0051299999468028545 -0.0088599994778633118 0.00087998242815956473
endloop
endfacet
facet normal -0.005073185267388966 -0.003570111521254464 -0.99998075836236389
outer loop
vertex -0.0067400000989437103 -0.024119999259710312 0.57995998859405518
vertex -0.00018999999156221747 -0.025030000135302544 0.57993000745773315
vertex 0.008829999715089798 -0.049049999564886093 0.57997000217437744
endloop
endfacet
facet normal 0.004331303843311987 -3.855046146553545e-05 -0.99999061911643894
outer loop
vertex -0.00018999999156221747 -0.025030000135302544 0.57993000745773315
vertex 0.0067400000989437103 -0.024119999259710312 0.57995998859405518
vertex 0.008829999715089798 -0.049049999564886093 0.57997000217437744
endloop
endfacet
facet normal -0.0062542647346105866 0.013244491883479247 -0.99989272805005336
outer loop
vertex 0.008829999715089798 -0.049049999564886093 0.57997000217437744
vertex 0.040029998868703842 -0.02979000099003315 0.58002996444702148
vertex 0.017020000144839287 -0.046689998358488083 0.57995003461837769
endloop
endfacet
facet normal -0.052390728334123636 0.076041367297865231 -0.99572733318117324
outer loop
vertex 0.040029998868703842 -0.02979000099003315 0.58002996444702148
vertex 0.02549000084400177 -0.042949996888637543 0.57978999614715576
vertex 0.017020000144839287 -0.046689998358488083 0.57995003461837769
endloop
endfacet
facet normal -0.52425843861573773 0.59042348513923348 -0.61363930589250071
outer loop
vertex 0.040029998868703842 -0.02979000099003315 0.58002996444702148
vertex 0.031679999083280563 -0.038680002093315125 0.57861006259918213
vertex 0.02549000084400177 -0.042949996888637543 0.57978999614715576
endloop
endfacet
facet normal 0.048875101177048644 0.029152654551545306 -0.99837936037236441
outer loop
vertex 0.021710000932216644 -0.012430000118911266 0.57964003086090088
vertex 0.024149999022483826 -0.0065900003537535667 0.57993000745773315
vertex 0.040029998868703842 -0.02979000099003315 0.58002996444702148
endloop
endfacet
facet normal -0.40394415305111397 0.91478335931569166 -0.00072576505601616443
outer loop
vertex 0.017020000144839287 -0.046689998358488083 0.57995003461837769
vertex 0.02549000084400177 -0.042949996888637543 0.57978999614715576
vertex 0.016809999942779541 -0.047189999371767044 0.066610008478164673
endloop
endfacet
facet normal -0.72893117461834533 0.6845868577127151 0.00042061449110262551
outer loop
vertex 0.040029998868703842 -0.02979000099003315 0.58002996444702148
vertex 0.04149000346660614 -0.02792000025510788 0.066649980843067169
vertex 0.031679999083280563 -0.038680002093315125 0.57861006259918213
endloop
endfacet
facet normal -0.27688822944255209 0.96090184673556778 0.00074117227663407352
outer loop
vertex 0.017020000144839287 -0.046689998358488083 0.57995003461837769
vertex 0.0047500003129243851 -0.049830000847578049 0.067000009119510651
vertex 0.008829999715089798 -0.049049999564886093 0.57997000217437744
endloop
endfacet
facet normal 0.39391626269919078 -0.91914630961780586 -0.00019873870021082799
outer loop
vertex 0.0069199996069073677 -0.02395000122487545 0.15050999820232391
vertex 0.012760000303387642 -0.021540001034736633 0.57986003160476685
vertex 0.0067400000989437103 -0.024119999259710312 0.57995998859405518
endloop
endfacet
facet normal -0.071207491994321692 0.99746107189371913 -0.0009503370515743226
outer loop
vertex 0.008829999715089798 -0.049049999564886093 0.57997000217437744
vertex 0.0047500003129243851 -0.049830000847578049 0.067000009119510651
vertex -0.002360000042244792 -0.049850001931190491 0.57875001430511475
endloop
endfacet
facet normal 0.61635106250188854 -0.78747148085475738 -0.00018599249632426872
outer loop
vertex 0.017729999497532845 -0.017650000751018524 0.57986003160476685
vertex 0.012760000303387642 -0.021540001034736633 0.57986003160476685
vertex 0.012489999644458294 -0.021649999544024467 0.15084001421928406
endloop
endfacet
facet normal 0.90843160391969402 -0.41803304917131662 -0.00062514032317128394
outer loop
vertex 0.024129999801516533 -0.0065300003625452518 0.15094998478889465
vertex 0.021710000932216644 -0.012430000118911266 0.57964003086090088
vertex 0.021180000156164169 -0.012939999811351299 0.15050001442432404
endloop
endfacet
facet normal 0.79522046623696896 -0.60632038224217388 -6.4463648421173074e-05
outer loop
vertex 0.021710000932216644 -0.012430000118911266 0.57964003086090088
vertex 0.017729999497532845 -0.017650000751018524 0.57986003160476685
vertex 0.017680000513792038 -0.017669999971985817 0.15117998421192169
endloop
endfacet
facet normal -0.56785796648710185 0.82312651996744468 -0.00024904501042257669
outer loop
vertex 0.031679999083280563 -0.038680002093315125 0.57861006259918213
vertex 0.029020000249147415 -0.040670000016689301 0.06657998263835907
vertex 0.02549000084400177 -0.042949996888637543 0.57978999614715576
endloop
endfacet
facet normal 0.38166810051837591 -0.92429944338204706 -3.2144834012137497e-06
outer loop
vertex 0.012489999644458294 -0.021649999544024467 0.15084001421928406
vertex 0.012760000303387642 -0.021540001034736633 0.57986003160476685
vertex 0.0069199996069073677 -0.02395000122487545 0.15050999820232391
endloop
endfacet
facet normal -0.96244328793991563 0.27146735824645246 -0.0028967060770538162
outer loop
vertex 0.046709999442100525 -0.0177800003439188 0.066619992256164551
vertex 0.049750000238418579 -0.0047699999995529652 0.27581003308296204
vertex 0.049040000885725021 -0.0095199998468160629 0.066560015082359314
endloop
endfacet
facet normal 0.090350370717514131 -0.72845591271510923 -0.67910882319522614
outer loop
vertex 0 -0.022169999778270721 0.14767999947071075
vertex 0.0051299999468028545 -0.021309999749064445 0.14744001626968384
vertex 0.0069199996069073677 -0.02395000122487545 0.15050999820232391
endloop
endfacet
facet normal 0.3040730608557245 -0.62317864694298775 -0.72054697810492396
outer loop
vertex 0.015210000798106194 -0.017119999974966049 0.14807000756263733
vertex 0.012489999644458294 -0.021649999544024467 0.15084001421928406
vertex 0.0051299999468028545 -0.021309999749064445 0.14744001626968384
endloop
endfacet
facet normal 0.61209281481410804 -0.53644628995379573 -0.5810058210102117
outer loop
vertex 0.021180000156164169 -0.012939999811351299 0.15050001442432404
vertex 0.017680000513792038 -0.017669999971985817 0.15117998421192169
vertex 0.015210000798106194 -0.017119999974966049 0.14807000756263733
endloop
endfacet
facet normal 0.037611501770232113 -0.030395923890898048 -0.99883004697766609
outer loop
vertex 0 -0.012870000675320625 0.14699000120162964
vertex 0.0082900002598762512 -0.010169999673962593 0.14722000062465668
vertex 0.0051299999468028545 -0.021309999749064445 0.14744001626968384
endloop
endfacet
facet normal 0.079832683874649368 -0.042314813776264067 -0.99590973442398412
outer loop
vertex 0.0051299999468028545 -0.021309999749064445 0.14744001626968384
vertex 0.0082900002598762512 -0.010169999673962593 0.14722000062465668
vertex 0.015210000798106194 -0.017119999974966049 0.14807000756263733
endloop
endfacet
facet normal 0.74605028908205162 -0.30167400665117394 -0.59363436547391246
outer loop
vertex 0.02054000087082386 -0.009190000593662262 0.14779001474380493
vertex 0.024129999801516533 -0.0065300003625452518 0.15094998478889465
vertex 0.021180000156164169 -0.012939999811351299 0.15050001442432404
endloop
endfacet
facet normal 0.051962176490065959 -0.070098778107225201 -0.99618577259579921
outer loop
vertex 0.0082900002598762512 -0.010169999673962593 0.14722000062465668
vertex 0.02054000087082386 -0.009190000593662262 0.14779001474380493
vertex 0.015210000798106194 -0.017119999974966049 0.14807000756263733
endloop
endfacet
facet normal 0.054468474976079005 -0.025872428695702759 -0.99818024558050933
outer loop
vertex 0.012769998982548714 -0.0031699999235570431 0.14720998704433441
vertex 0.020759999752044678 0.0063199996948242188 0.14740000665187836
vertex 0.02054000087082386 -0.009190000593662262 0.14779001474380493
endloop
endfacet
facet normal 0.12351301061578711 -0.69662922648275016 -0.706719362278033
outer loop
vertex -0.00012000000424450263 -0.010000000707805157 0.14414000511169434
vertex 0.0039400001987814903 -0.009270000271499157 0.14412999153137207
vertex 0 -0.012870000675320625 0.14699000120162964
endloop
endfacet
facet normal -0.65916190355322635 0.7520008864309693 0.00050170820550826949
outer loop
vertex 0.036309998482465744 -0.034280002117156982 0.066590003669261932
vertex 0.029020000249147415 -0.040670000016689301 0.06657998263835907
vertex 0.031679999083280563 -0.038680002093315125 0.57861006259918213
endloop
endfacet
facet normal 0.74949066195274261 -0.66198351698678204 0.0064475486388750579
outer loop
vertex 0.0089900000020861626 -0.0049499999731779099 0.00063999922713264823
vertex 0.0096100000664591789 -0.0028499998152256012 0.14418001472949982
vertex 0.0039400001987814903 -0.009270000271499157 0.14412999153137207
endloop
endfacet
facet normal 0.17696186233384661 -0.98421678765839016 -0.0013469115546371462
outer loop
vertex 0.0051299999468028545 -0.0088599994778633118 0.00087998242815956473
vertex 0.0039400001987814903 -0.009270000271499157 0.14412999153137207
vertex -0.00012000000424450263 -0.010000000707805157 0.14414000511169434
endloop
endfacet
facet normal -0.9954634369880081 0.095137069379849504 0.0012180516556395801
outer loop
vertex 0.049970000982284546 0.00020999999833293259 0.066639997065067291
vertex 0.049040000885725021 -0.0095199998468160629 0.066560015082359314
vertex 0.049750000238418579 -0.0047699999995529652 0.27581003308296204
endloop
endfacet
facet normal 0.97424938406193373 -0.22547130754226477 -0.0009094669449798686
outer loop
vertex 0.010049999691545963 -0.00037000002339482307 0.00068999262293800712
vertex 0.0096100000664591789 -0.0028499998152256012 0.14418001472949982
vertex 0.0089900000020861626 -0.0049499999731779099 0.00063999922713264823
endloop
endfacet
facet normal -0.17041337217565708 0.85168774255116109 0.49556762583105474
outer loop
vertex 0.001829999964684248 -0.011470000259578228 6.9992544013075531e-05
vertex 0.0047500003129243851 -0.049830000847578049 0.067000009119510651
vertex 0.016809999942779541 -0.047189999371767044 0.066610008478164673
endloop
endfacet
facet normal 0.71175654978336189 -0.70241539432306732 0.0039022632477286705
outer loop
vertex 0.0089900000020861626 -0.0049499999731779099 0.00063999922713264823
vertex 0.0039400001987814903 -0.009270000271499157 0.14412999153137207
vertex 0.0051299999468028545 -0.0088599994778633118 0.00087998242815956473
endloop
endfacet
facet normal -0.86264605536308758 0.078344668608277657 0.49970380833766309
outer loop
vertex 0.01153000071644783 0.0016799999866634607 4.9987735110335052e-05
vertex 0.049040000885725021 -0.0095199998468160629 0.066560015082359314
vertex 0.049970000982284546 0.00020999999833293259 0.066639997065067291
endloop
endfacet
facet normal -0.67267664126368054 0.54313340499502027 0.50250596083701249
outer loop
vertex 0.04149000346660614 -0.02792000025510788 0.066649980843067169
vertex 0.0066199996508657932 -0.0097200004383921623 0.00029999195248819888
vertex 0.036309998482465744 -0.034280002117156982 0.066590003669261932
endloop
endfacet
facet normal -0.040522318096080881 -0.44507404429195324 0.89457645667305852
outer loop
vertex -7.9999997979030013e-05 -0.010069999843835831 0.00068000884493812919
vertex -0.0048600002191960812 -0.010679999366402626 0.00015999555762391537
vertex 0.001829999964684248 -0.011470000259578228 6.9992544013075531e-05
endloop
endfacet
facet normal 0.1095349948624274 -0.4183180858082588 0.90167181612058955
outer loop
vertex 0.0051299999468028545 -0.0088599994778633118 0.00087998242815956473
vertex 0.001829999964684248 -0.011470000259578228 6.9992544013075531e-05
vertex 0.0066199996508657932 -0.0097200004383921623 0.00029999195248819888
endloop
endfacet
facet normal 0.24119561436727308 -0.21963013478642823 0.94529745556818723
outer loop
vertex 0.010560000315308571 -0.005350000225007534 0.00031001298339106143
vertex 0.0051299999468028545 -0.0088599994778633118 0.00087998242815956473
vertex 0.0066199996508657932 -0.0097200004383921623 0.00029999195248819888
endloop
endfacet
facet normal 0.17640842607464685 -0.11414596552720382 0.97767620701525115
outer loop
vertex 0.0089900000020861626 -0.0049499999731779099 0.00063999922713264823
vertex 0.0051299999468028545 -0.0088599994778633118 0.00087998242815956473
vertex 0.010560000315308571 -0.005350000225007534 0.00031001298339106143
endloop
endfacet
facet normal -0.0061917980325944758 -0.011752082843141576 -0.99991177120082519
outer loop
vertex -0.024229999631643295 0.0070600002072751522 0.5798799991607666
vertex -0.025150001049041748 -0.00096000003395602107 0.57997995615005493
vertex -0.048079997301101685 0.012819999828934669 0.57995998859405518
endloop
endfacet
facet normal 0.83762966028063091 -0.35539853843415159 -0.41481131987570424
outer loop
vertex -0.042419999837875366 0.026370000094175339 0.5797799825668335
vertex -0.048079997301101685 0.012819999828934669 0.57995998859405518
vertex -0.046199999749660492 0.018990000709891319 0.57846999168395996
endloop
endfacet
facet normal -0.0010691062394374096 -0.012836896715320465 -0.99991703210544858
outer loop
vertex -0.048079997301101685 0.012819999828934669 0.57995998859405518
vertex -0.042419999837875366 0.026370000094175339 0.5797799825668335
vertex -0.021480001509189606 0.012939999811351299 0.57993000745773315
endloop
endfacet
facet normal -0.021099417611162057 -0.0026569259233994321 -0.99977385208911485
outer loop
vertex -0.021480001509189606 0.012939999811351299 0.57993000745773315
vertex -0.027719998732209206 0.036140002310276031 0.58000004291534424
vertex -0.016520000994205475 0.018699999898672104 0.57981002330780029
endloop
endfacet
facet normal 0.010996901586741246 0.0059763186361965768 -0.9999216728179513
outer loop
vertex -0.042419999837875366 0.026370000094175339 0.5797799825668335
vertex -0.027719998732209206 0.036140002310276031 0.58000004291534424
vertex -0.021480001509189606 0.012939999811351299 0.57993000745773315
endloop
endfacet
facet normal 0.02945422710836192 -0.021808046066171705 -0.99932820316061566
outer loop
vertex -0.036120001226663589 0.034419998526573181 0.57978999614715576
vertex -0.027719998732209206 0.036140002310276031 0.58000004291534424
vertex -0.042419999837875366 0.026370000094175339 0.5797799825668335
endloop
endfacet
facet normal 0.0082095389747840405 0.023532610619524143 -0.99968936160551969
outer loop
vertex -0.027719998732209206 0.036140002310276031 0.58000004291534424
vertex 0.0004400000034365803 0.025040000677108765 0.57997000217437744
vertex -0.0075099999085068703 0.023990001529455185 0.5798799991607666
endloop
endfacet
facet normal 0.021394734990473639 0.017587384089431911 -0.99961640104370941
outer loop
vertex -0.036120001226663589 0.034419998526573181 0.57978999614715576
vertex -0.030579999089241028 0.039049997925758362 0.57999002933502197
vertex -0.027719998732209206 0.036140002310276031 0.58000004291534424
endloop
endfacet
facet normal -0.40174240118667903 -0.39767880553090268 -0.82489672730607677
outer loop
vertex -0.029200000688433647 0.040559999644756317 0.57858997583389282
vertex -0.027719998732209206 0.036140002310276031 0.58000004291534424
vertex -0.030579999089241028 0.039049997925758362 0.57999002933502197
endloop
endfacet
facet normal 0.31225200297440309 -0.19224328751093911 -0.93034467002582433
outer loop
vertex -0.022690000012516975 0.044309999793767929 0.58000004291534424
vertex -0.027719998732209206 0.036140002310276031 0.58000004291534424
vertex -0.029200000688433647 0.040559999644756317 0.57858997583389282
endloop
endfacet
facet normal 0.023065784155746082 -0.69880698253650586 -0.71493829856813795
outer loop
vertex 0.0084600001573562622 0.049180001020431519 0.5797799825668335
vertex -0.011429999954998493 0.048369996249675751 0.57993000745773315
vertex -0.0028499998152256012 0.049840003252029419 0.5787699818611145
endloop
endfacet
facet normal 0.99085392931701599 -0.13493185449935996 -0.0013730981004688853
outer loop
vertex -0.049490001052618027 0.007689999882131815 0.066590003669261932
vertex -0.048079997301101685 0.012819999828934669 0.57995998859405518
vertex -0.049830000847578049 -3.0000001061125658e-05 0.57986998558044434
endloop
endfacet
facet normal 0.63415750870577303 -0.75081789099541152 -0.18470719724279763
outer loop
vertex -0.036120001226663589 0.034419998526573181 0.57978999614715576
vertex -0.029200000688433647 0.040559999644756317 0.57858997583389282
vertex -0.030579999089241028 0.039049997925758362 0.57999002933502197
endloop
endfacet
facet normal 0.33918560659583369 -0.94071869567817257 -0.0012082548464313224
outer loop
vertex -0.014949999749660492 0.047760002315044403 0.066709995269775391
vertex -0.011429999954998493 0.048369996249675751 0.57993000745773315
vertex -0.022690000012516975 0.044309999793767929 0.58000004291534424
endloop
endfacet
facet normal -0.99348482071052491 0.11396444734641575 -0.0001255340680854862
outer loop
vertex -0.025150001049041748 -0.00096000003395602107 0.57997995615005493
vertex -0.024229999631643295 0.0070600002072751522 0.5798799991607666
vertex -0.024939998984336853 0.00050999998347833753 0.25253000855445862
endloop
endfacet
facet normal 0.66364271204266834 -0.7480495213669166 -0.00051413556484425805
outer loop
vertex -0.032019998878240585 0.038410000503063202 0.066730000078678131
vertex -0.029200000688433647 0.040559999644756317 0.57858997583389282
vertex -0.036120001226663589 0.034419998526573181 0.57978999614715576
endloop
endfacet
facet normal -0.99139379859890975 0.13091262720598582 -0.00046918828970463782
outer loop
vertex -0.024229999631643295 0.0070600002072751522 0.5798799991607666
vertex -0.02411000058054924 0.0064300000667572021 0.15054002404212952
vertex -0.024939998984336853 0.00050999998347833753 0.25253000855445862
endloop
endfacet
facet normal -0.90582551207201512 0.42365006356523299 -0.00087482606616860422
outer loop
vertex -0.021480001509189606 0.012939999811351299 0.57993000745773315
vertex -0.02411000058054924 0.0064300000667572021 0.15054002404212952
vertex -0.024229999631643295 0.0070600002072751522 0.5798799991607666
endloop
endfacet
facet normal -0.80099132174420973 0.59867556541188061 -0.00068547007887105962
outer loop
vertex -0.021480001509189606 0.012939999811351299 0.57993000745773315
vertex -0.017540000379085541 0.017719998955726624 0.15068002045154572
vertex -0.021889999508857727 0.011900000274181366 0.15071000158786774
endloop
endfacet
facet normal -0.60762734812086383 0.7942221787971121 -0.00036948934298334141
outer loop
vertex -0.016520000994205475 0.018699999898672104 0.57981002330780029
vertex -0.012560000643134117 0.021530000492930412 0.15069000422954559
vertex -0.017540000379085541 0.017719998955726624 0.15068002045154572
endloop
endfacet
facet normal 0.16887068124034327 -0.9856382160008943 1.3266377088339124e-05
outer loop
vertex -0.014949999749660492 0.047760002315044403 0.066709995269775391
vertex -0.0028499998152256012 0.049840003252029419 0.5787699818611145
vertex -0.011429999954998493 0.048369996249675751 0.57993000745773315
endloop
endfacet
facet normal -0.39504313240071987 0.91866236587459238 -0.00061730764128639811
outer loop
vertex -0.0075099999085068703 0.023990001529455185 0.5798799991607666
vertex -0.0066299997270107269 0.024079998955130577 0.15066000819206238
vertex -0.012560000643134117 0.021530000492930412 0.15069000422954559
endloop
endfacet
facet normal 0.78750522347435636 -0.61630772204118178 -0.00056102853184563544
outer loop
vertex -0.039169996976852417 0.030990000814199448 0.066529989242553711
vertex -0.036120001226663589 0.034419998526573181 0.57978999614715576
vertex -0.042419999837875366 0.026370000094175339 0.5797799825668335
endloop
endfacet
facet normal -0.67382990801295706 0.14731627182038542 -0.7240519118987202
outer loop
vertex -0.02411000058054924 0.0064300000667572021 0.15054002404212952
vertex -0.020759999752044678 0.0063199996948242188 0.14740000665187836
vertex -0.023180000483989716 -7.9999997979030013e-05 0.14835000038146973
endloop
endfacet
facet normal -0.021618816549932921 0.0018167042670147199 -0.99976463548006456
outer loop
vertex -0.020759999752044678 0.0063199996948242188 0.14740000665187836
vertex -0.012070000171661377 0.0051599997095763683 0.14720998704433441
vertex -0.012769998982548714 -0.0031699999235570431 0.14720998704433441
endloop
endfacet
facet normal -0.6290683535158752 0.46697861432003857 -0.62145312001193032
outer loop
vertex -0.017540000379085541 0.017719998955726624 0.15068002045154572
vertex -0.017610000446438789 0.013620000332593918 0.14767001569271088
vertex -0.021889999508857727 0.011900000274181366 0.15071000158786774
endloop
endfacet
facet normal -0.055755859569033908 0.0609202214123011 -0.99658417143099076
outer loop
vertex -0.008829999715089798 0.020509999245405197 0.14759998023509979
vertex -0.020759999752044678 0.0063199996948242188 0.14740000665187836
vertex -0.017610000446438789 0.013620000332593918 0.14767001569271088
endloop
endfacet
facet normal -0.57621578959594766 0.51860935553946053 -0.63168006155589851
outer loop
vertex -0.012070000171661377 0.0051599997095763683 0.14720998704433441
vertex -0.0061400001868605614 0.011699999682605267 0.14717000722885132
vertex -0.0085499994456768036 0.0054899998940527439 0.14426998794078827
endloop
endfacet
facet normal 0 0.048747089200808814 -0.99881115396978237
outer loop
vertex -0.008829999715089798 0.020509999245405197 0.14759998023509979
vertex 0.008829999715089798 0.020509999245405197 0.14759998023509979
vertex -0.0061400001868605614 0.011699999682605267 0.14717000722885132
endloop
endfacet
facet normal -0.42900082479433987 0.53931464373081628 -0.72463646567315321
outer loop
vertex -0.017540000379085541 0.017719998955726624 0.15068002045154572
vertex -0.008829999715089798 0.020509999245405197 0.14759998023509979
vertex -0.017610000446438789 0.013620000332593918 0.14767001569271088
endloop
endfacet
facet normal -0.42996142176119323 0.56384430264056085 -0.70513316343572507
outer loop
vertex -0.012560000643134117 0.021530000492930412 0.15069000422954559
vertex -0.008829999715089798 0.020509999245405197 0.14759998023509979
vertex -0.017540000379085541 0.017719998955726624 0.15068002045154572
endloop
endfacet
facet normal -0.31356850823863519 0.72194526457051911 -0.61682236146657343
outer loop
vertex -0.012560000643134117 0.021530000492930412 0.15069000422954559
vertex -0.0066299997270107269 0.024079998955130577 0.15066000819206238
vertex -0.008829999715089798 0.020509999245405197 0.14759998023509979
endloop
endfacet
facet normal -0.07689260263312353 0.73738732276253161 -0.67107932756821731
outer loop
vertex 0.0002899999963119626 0.025019999593496323 0.15089999139308929
vertex 0 0.021850001066923141 0.14745000004768372
vertex -0.0066299997270107269 0.024079998955130577 0.15066000819206238
endloop
endfacet
facet normal -0.14878890258764862 0.76892982597372173 -0.62177872687539348
outer loop
vertex -0.0061400001868605614 0.011699999682605267 0.14717000722885132
vertex 0 0.012880000285804272 0.14715999364852905
vertex -0.0026699998416006565 0.0098000001162290573 0.14398999512195587
endloop
endfacet
facet normal 0.92998648688212626 -0.36759346606886228 0.00042180578592758362
outer loop
vertex -0.047960001975297928 0.013950000517070293 0.066639997065067291
vertex -0.044449999928474426 0.022829998284578323 0.06657998263835907
vertex -0.046199999749660492 0.018990000709891319 0.57846999168395996
endloop
endfacet
facet normal 0.61786355737893728 -0.608793884723559 0.49760891308962962
outer loop
vertex -0.032019998878240585 0.038410000503063202 0.066730000078678131
vertex -0.039169996976852417 0.030990000814199448 0.066529989242553711
vertex -0.0074800001457333565 0.0086500002071261406 -0.00014998584811110049
endloop
endfacet
facet normal 0.84039633854338869 -0.20939243255425061 0.49988879098443467
outer loop
vertex -0.010730000212788582 0.0048299999907612801 0.00022999376233201474
vertex -0.047960001975297928 0.013950000517070293 0.066639997065067291
vertex -0.049490001052618027 0.007689999882131815 0.066590003669261932
endloop
endfacet
facet normal 0.49894875830800367 -0.70882346168091137 0.49861752551789734
outer loop
vertex -0.0058100000023841858 0.01039000041782856 0.00066998781403526664
vertex -0.024999998509883881 0.043260000646114349 0.06659998744726181
vertex -0.032019998878240585 0.038410000503063202 0.066730000078678131
endloop
endfacet
facet normal 0.34994406182068766 -0.79370492964377282 0.49756571249997944
outer loop
vertex -0.0058100000023841858 0.01039000041782856 0.00066998781403526664
vertex -0.014949999749660492 0.047760002315044403 0.066709995269775391
vertex -0.024999998509883881 0.043260000646114349 0.06659998744726181
endloop
endfacet
facet normal 0.19054169089298298 -0.84585112001599938 0.49822660185835371
outer loop
vertex -0.0071000000461935997 0.049440000206232071 0.066560015082359314
vertex -0.014949999749660492 0.047760002315044403 0.066709995269775391
vertex -0.0026500001549720764 0.011289999820291996 8.9997352915816009e-05
endloop
endfacet
facet normal -0.22361912176573742 0.97467289947909874 -0.0026883827344680619
outer loop
vertex -0.0026699998416006565 0.0098000001162290573 0.14398999512195587
vertex 0.00036000000545755029 0.010099999606609344 0.00072001846274361014
vertex -0.0044800001196563244 0.0089900000020861626 0.00087998242815956473
endloop
endfacet
facet normal 0.72946859825349064 -0.46895845438885975 0.49794932695937982
outer loop
vertex -0.010730000212788582 0.0048299999907612801 0.00022999376233201474
vertex -0.039169996976852417 0.030990000814199448 0.066529989242553711
vertex -0.044449999928474426 0.022829998284578323 0.06657998263835907
endloop
endfacet
facet normal 0.49607781993874395 -0.71099002113038201 0.49839741814925392
outer loop
vertex -0.0058100000023841858 0.01039000041782856 0.00066998781403526664
vertex -0.032019998878240585 0.038410000503063202 0.066730000078678131
vertex -0.0074800001457333565 0.0086500002071261406 -0.00014998584811110049
endloop
endfacet
facet normal 0.85765591707504052 -0.096430674798219151 0.50510142829349769
outer loop
vertex -0.010730000212788582 0.0048299999907612801 0.00022999376233201474
vertex -0.049490001052618027 0.007689999882131815 0.066590003669261932
vertex -0.011390000581741333 -0.0021399999968707561 1.999914638872724e-05
endloop
endfacet
facet normal -0.97125668102158247 0.23802949584271332 0.0015552105335238935
outer loop
vertex -0.0085499994456768036 0.0054899998940527439 0.14426998794078827
vertex -0.0088800005614757538 0.0050800004974007607 0.00093001307686790824
vertex -0.010139999911189079 -6.0000002122251317e-05 0.00073000224074348807
endloop
endfacet
facet normal 0.68262599158644877 -0.53080784432753925 0.50225968184891012
outer loop
vertex -0.0074800001457333565 0.0086500002071261406 -0.00014998584811110049
vertex -0.039169996976852417 0.030990000814199448 0.066529989242553711
vertex -0.010730000212788582 0.0048299999907612801 0.00022999376233201474
endloop
endfacet
facet normal -0.52354279800650494 0.023915876534544519 0.85166364810593187
outer loop
vertex -0.010730000212788582 0.0048299999907612801 0.00022999376233201474
vertex -0.011390000581741333 -0.0021399999968707561 1.999914638872724e-05
vertex -0.010139999911189079 -6.0000002122251317e-05 0.00073000224074348807
endloop
endfacet
facet normal -0.35954967755503064 0.051884389896948373 0.93168237047563307
outer loop
vertex -0.0088800005614757538 0.0050800004974007607 0.00093001307686790824
vertex -0.010730000212788582 0.0048299999907612801 0.00022999376233201474
vertex -0.010139999911189079 -6.0000002122251317e-05 0.00073000224074348807
endloop
endfacet
facet normal -0.33817896482044024 0.39150969120264595 0.85577751165088711
outer loop
vertex -0.0074800001457333565 0.0086500002071261406 -0.00014998584811110049
vertex -0.0088800005614757538 0.0050800004974007607 0.00093001307686790824
vertex -0.0044800001196563244 0.0089900000020861626 0.00087998242815956473
endloop
endfacet
facet normal -0.3058646542253835 -0.14953621877815462 0.94025833289001937
outer loop
vertex -0.0058100000023841858 0.01039000041782856 0.00066998781403526664
vertex -0.0074800001457333565 0.0086500002071261406 -0.00014998584811110049
vertex -0.0044800001196563244 0.0089900000020861626 0.00087998242815956473
endloop
endfacet
facet normal -0.052068770895608137 0.36121093223884054 0.93102927211155306
outer loop
vertex 0.00036000000545755029 0.010099999606609344 0.00072001846274361014
vertex -0.0026500001549720764 0.011289999820291996 8.9997352915816009e-05
vertex -0.0044800001196563244 0.0089900000020861626 0.00087998242815956473
endloop
endfacet
facet normal 0.013315084726220835 -0.012189622909079208 -0.99983704752928015
outer loop
vertex 0.025019999593496323 9.9999997473787516e-05 0.57986003160476685
vertex 0.04822000116109848 0.012319999746978283 0.58002001047134399
vertex 0.024149999022483826 -0.0065900003537535667 0.57993000745773315
endloop
endfacet
facet normal 0.0035145914777554572 0.0064186625837554748 -0.99997322385020904
outer loop
vertex 0.021480001509189606 0.012939999811351299 0.57993000745773315
vertex 0.04822000116109848 0.012319999746978283 0.58002001047134399
vertex 0.025019999593496323 9.9999997473787516e-05 0.57986003160476685
endloop
endfacet
facet normal 0.79728005991426854 0.21674055523857369 0.56335427377270786
outer loop
vertex 0.021480001509189606 0.012939999811351299 0.57993000745773315
vertex 0.025019999593496323 9.9999997473787516e-05 0.57986003160476685
vertex 0.024220000952482224 0.0061099999584257603 0.57867997884750366
endloop
endfacet
facet normal 0.0027781073683800111 0.0012233500012481216 -0.99999539275649874
outer loop
vertex 0.04822000116109848 0.012319999746978283 0.58002001047134399
vertex 0.048229999840259552 -0.012210000306367874 0.57999002933502197
vertex 0.024149999022483826 -0.0065900003537535667 0.57993000745773315
endloop
endfacet
facet normal -0.011729636708375724 0.0067297704209035476 -0.99990855872563245
outer loop
vertex 0.0004400000034365803 0.025040000677108765 0.57997000217437744
vertex 0.014220000244677067 0.04757000133395195 0.57995998859405518
vertex 0.0075099999085068703 0.023990001529455185 0.5798799991607666
endloop
endfacet
facet normal 0.00095073047821779035 -0.0069927354322101964 -0.99997509857132594
outer loop
vertex -0.027719998732209206 0.036140002310276031 0.58000004291534424
vertex -0.011429999954998493 0.048369996249675751 0.57993000745773315
vertex 0.014220000244677067 0.04757000133395195 0.57995998859405518
endloop
endfacet
facet normal -0.72953893009295667 -0.68393925005943124 0.00022739165955187581
outer loop
vertex 0.032159999012947083 0.038119997829198837 0.57986998558044434
vertex 0.041450001299381256 0.028039999306201935 0.066709995269775391
vertex 0.039360001683235168 0.030439998954534531 0.58000004291534424
endloop
endfacet
facet normal -0.37903973717381384 -0.92538019249521464 -0.00061398756172810986
outer loop
vertex 0.013439999893307686 0.048229999840259552 0.06675998866558075
vertex 0.024009998887777328 0.043560001999139786 0.57991999387741089
vertex 0.014220000244677067 0.04757000133395195 0.57995998859405518
endloop
endfacet
facet normal -0.26917157889749349 -0.9630918819558355 -0.00082947248142724327
outer loop
vertex 0.013439999893307686 0.048229999840259552 0.06675998866558075
vertex 0.014220000244677067 0.04757000133395195 0.57995998859405518
vertex 0.0084600001573562622 0.049180001020431519 0.5797799825668335
endloop
endfacet
facet normal 0.92809962404122082 0.37233195817846459 -2.7812487709292078e-05
outer loop
vertex 0.021759999915957451 0.012210000306367874 0.15078000724315643
vertex 0.021480001509189606 0.012939999811351299 0.57993000745773315
vertex 0.024220000952482224 0.0061099999584257603 0.57867997884750366
endloop
endfacet
facet normal 0.39585394360840676 0.91831327558475584 -0.00061904318774977688
outer loop
vertex 0.011500000022351742 0.022269999608397484 0.57981002330780029
vertex 0.0066299997270107269 0.024079998955130577 0.15066000819206238
vertex 0.0075099999085068703 0.023990001529455185 0.5798799991607666
endloop
endfacet
facet normal 0.5873845657426181 0.80930789791117441 -0.00031353780016927537
outer loop
vertex 0.017589999362826347 0.017850000411272049 0.5799100399017334
vertex 0.017540000379085541 0.017719998955726624 0.15068002045154572
vertex 0.011500000022351742 0.022269999608397484 0.57981002330780029
endloop
endfacet
facet normal -0.9869767770372847 -0.16085991464823676 -0.00096407907141189296
outer loop
vertex 0.04822000116109848 0.012319999746978283 0.58002001047134399
vertex 0.049149997532367706 0.0096899997442960739 0.06675998866558075
vertex 0.0502299964427948 0 0.57792001962661743
endloop
endfacet
facet normal -0.95255444667603129 -0.30436819551891447 -0.00016635588237235208
outer loop
vertex 0.045909997075796127 0.019829999655485153 0.066660001873970032
vertex 0.049149997532367706 0.0096899997442960739 0.06675998866558075
vertex 0.04822000116109848 0.012319999746978283 0.58002001047134399
endloop
endfacet
facet normal 0.78382001166034243 0.62098783593792861 -0.00054492009381530812
outer loop
vertex 0.017589999362826347 0.017850000411272049 0.5799100399017334
vertex 0.021480001509189606 0.012939999811351299 0.57993000745773315
vertex 0.021759999915957451 0.012210000306367874 0.15078000724315643
endloop
endfacet
facet normal 0.14690225706790291 0.98915100837479497 -9.7465286736061994e-05
outer loop
vertex 0.0075099999085068703 0.023990001529455185 0.5798799991607666
vertex 0.0002899999963119626 0.025019999593496323 0.15089999139308929
vertex 0.0004400000034365803 0.025040000677108765 0.57997000217437744
endloop
endfacet
facet normal 0.14665839895187041 0.98918719427457835 -9.3274119431037381e-05
outer loop
vertex 0.0075099999085068703 0.023990001529455185 0.5798799991607666
vertex 0.0066299997270107269 0.024079998955130577 0.15066000819206238
vertex 0.0002899999963119626 0.025019999593496323 0.15089999139308929
endloop
endfacet
facet normal -0.77236167406333633 -0.63518121634155877 -0.0015056045093782295
outer loop
vertex 0.032159999012947083 0.038119997829198837 0.57986998558044434
vertex 0.036079999059438705 0.034570001065731049 0.066610008478164673
vertex 0.041450001299381256 0.028039999306201935 0.066709995269775391
endloop
endfacet
facet normal -0.058193135964658617 -0.99830508955991781 -0.00071209926515243798
outer loop
vertex 0.0025599999353289604 0.049890000373125076 0.066569998860359192
vertex 0.0084600001573562622 0.049180001020431519 0.5797799825668335
vertex -0.0028499998152256012 0.049840003252029419 0.5787699818611145
endloop
endfacet
facet normal 0.79391009623596731 0.60803509978252535 -0.00027663523194369782
outer loop
vertex 0.017540000379085541 0.017719998955726624 0.15068002045154572
vertex 0.017589999362826347 0.017850000411272049 0.5799100399017334
vertex 0.021759999915957451 0.012210000306367874 0.15078000724315643
endloop
endfacet
facet normal 0.98675431040209227 -0.16216902166812733 -0.0041399654701291576
outer loop
vertex 0.024199999868869781 0.0060700001195073128 0.15055999159812927
vertex 0.025019999593496323 9.9999997473787516e-05 0.57986003160476685
vertex 0.023180000483989716 -7.9999997979030013e-05 0.14835000038146973
endloop
endfacet
facet normal -0.65298186178257034 -0.75737350430880412 0.00025130453618234569
outer loop
vertex 0.036079999059438705 0.034570001065731049 0.066610008478164673
vertex 0.032159999012947083 0.038119997829198837 0.57986998558044434
vertex 0.028969999402761459 0.040699996054172516 0.066590003669261932
endloop
endfacet
facet normal 0.021618816549932921 0.0018167042670147199 -0.99976463548006456
outer loop
vertex 0.012070000171661377 0.0051599997095763683 0.14720998704433441
vertex 0.020759999752044678 0.0063199996948242188 0.14740000665187836
vertex 0.012769998982548714 -0.0031699999235570431 0.14720998704433441
endloop
endfacet
facet normal -0.0052888514761542712 0.063668199807997886 -0.99795710748672561
outer loop
vertex 0.008829999715089798 0.020509999245405197 0.14759998023509979
vertex 0.006029999814927578 0.011500000022351742 0.147039994597435
vertex 0 0.012880000285804272 0.14715999364852905
endloop
endfacet
facet normal -0.016299473907484967 0.076352297649239592 -0.99694766853331929
outer loop
vertex -0.0061400001868605614 0.011699999682605267 0.14717000722885132
vertex 0.008829999715089798 0.020509999245405197 0.14759998023509979
vertex 0 0.012880000285804272 0.14715999364852905
endloop
endfacet
facet normal 0.65928337292989669 0.28689961727589991 -0.69500650628977634
outer loop
vertex 0.021759999915957451 0.012210000306367874 0.15078000724315643
vertex 0.024199999868869781 0.0060700001195073128 0.15055999159812927
vertex 0.020759999752044678 0.0063199996948242188 0.14740000665187836
endloop
endfacet
facet normal 0.055755859569033908 0.0609202214123011 -0.99658417143099076
outer loop
vertex 0.008829999715089798 0.020509999245405197 0.14759998023509979
vertex 0.017610000446438789 0.013620000332593918 0.14767001569271088
vertex 0.020759999752044678 0.0063199996948242188 0.14740000665187836
endloop
endfacet
facet normal 0.11640537765417928 0.68675044916957773 -0.71751209649633862
outer loop
vertex 0.0066299997270107269 0.024079998955130577 0.15066000819206238
vertex 0.008829999715089798 0.020509999245405197 0.14759998023509979
vertex 0 0.021850001066923141 0.14745000004768372
endloop
endfacet
facet normal 0.082622818164541534 0.7303680677896921 -0.67803831416203986
outer loop
vertex 0.0066299997270107269 0.024079998955130577 0.15066000819206238
vertex 0 0.021850001066923141 0.14745000004768372
vertex 0.0002899999963119626 0.025019999593496323 0.15089999139308929
endloop
endfacet
facet normal 0.42996142176119323 0.56384430264056085 -0.70513316343572507
outer loop
vertex 0.017540000379085541 0.017719998955726624 0.15068002045154572
vertex 0.008829999715089798 0.020509999245405197 0.14759998023509979
vertex 0.012560000643134117 0.021530000492930412 0.15069000422954559
endloop
endfacet
facet normal 0.79122629645615505 0.066489494724474671 -0.60789809580846732
outer loop
vertex 0.012070000171661377 0.0051599997095763683 0.14720998704433441
vertex 0.012769998982548714 -0.0031699999235570431 0.14720998704433441
vertex 0.0099499998614192009 0.0016799999866634607 0.14407001435756683
endloop
endfacet
facet normal 0.075592826536176813 0.76360614647166158 -0.64124205854495453
outer loop
vertex 0.006029999814927578 0.011500000022351742 0.147039994597435
vertex 0.0039200000464916229 0.0092399995774030685 0.14409999549388885
vertex -0.0026699998416006565 0.0098000001162290573 0.14398999512195587
endloop
endfacet
facet normal 0.62936648529152939 0.77710784807964051 0.0011043753064226636
outer loop
vertex 0.0085499994456768036 0.0054899998940527439 0.14426998794078827
vertex 0.0044800001196563244 0.0089900000020861626 0.00087998242815956473
vertex 0.0039200000464916229 0.0092399995774030685 0.14409999549388885
endloop
endfacet
facet normal 0.97770001041790078 0.20999358273468838 -0.0023205256055642324
outer loop
vertex 0.0088800005614757538 0.0050800004974007607 0.00093001307686790824
vertex 0.0099499998614192009 0.0016799999866634607 0.14407001435756683
vertex 0.010049999691545963 -0.00037000002339482307 0.00068999262293800712
endloop
endfacet
facet normal 0.6642620457360785 0.7474995410982288 -0.0006088123334398233
outer loop
vertex 0.0085499994456768036 0.0054899998940527439 0.14426998794078827
vertex 0.0088800005614757538 0.0050800004974007607 0.00093001307686790824
vertex 0.0044800001196563244 0.0089900000020861626 0.00087998242815956473
endloop
endfacet
facet normal 0.93865648260869194 0.34485160278770033 0.001174611183622715
outer loop
vertex 0.0088800005614757538 0.0050800004974007607 0.00093001307686790824
vertex 0.0085499994456768036 0.0054899998940527439 0.14426998794078827
vertex 0.0099499998614192009 0.0016799999866634607 0.14407001435756683
endloop
endfacet
facet normal -0.86398381681094627 -0.081023260529455521 0.49695794142157068
outer loop
vertex 0.049149997532367706 0.0096899997442960739 0.06675998866558075
vertex 0.01153000071644783 0.0016799999866634607 4.9987735110335052e-05
vertex 0.049970000982284546 0.00020999999833293259 0.066639997065067291
endloop
endfacet
facet normal -0.76063986245969806 -0.41624308110862035 0.49816533105636152
outer loop
vertex 0.045909997075796127 0.019829999655485153 0.066660001873970032
vertex 0.041450001299381256 0.028039999306201935 0.066709995269775391
vertex 0.0099600004032254219 0.0062000001780688763 0.00038001118809916079
endloop
endfacet
facet normal -0.29386780152257974 -0.81642627610926066 0.49708133228542267
outer loop
vertex 0.013439999893307686 0.048229999840259552 0.06675998866558075
vertex 0.0052000000141561031 0.010610000230371952 0.00010001838381867856
vertex 0.02054000087082386 0.045510001480579376 0.06648997962474823
endloop
endfacet
facet normal -0.56659585556063385 -0.6555485694849571 0.49922460827541304
outer loop
vertex 0.028969999402761459 0.040699996054172516 0.066590003669261932
vertex 0.0052000000141561031 0.010610000230371952 0.00010001838381867856
vertex 0.036079999059438705 0.034570001065731049 0.066610008478164673
endloop
endfacet
facet normal -0.67298361506076965 -0.54578998190321215 0.49920571863093616
outer loop
vertex 0.0099600004032254219 0.0062000001780688763 0.00038001118809916079
vertex 0.041450001299381256 0.028039999306201935 0.066709995269775391
vertex 0.036079999059438705 0.034570001065731049 0.066610008478164673
endloop
endfacet
facet normal -0.13916818330845174 -0.85494690583223087 0.49969791370639088
outer loop
vertex 0.0052000000141561031 0.010610000230371952 0.00010001838381867856
vertex 0.013439999893307686 0.048229999840259552 0.06675998866558075
vertex 0.0025599999353289604 0.049890000373125076 0.066569998860359192
endloop
endfacet
facet normal -0.80512170949765383 -0.31628901401342385 0.50173727438769355
outer loop
vertex 0.0099600004032254219 0.0062000001780688763 0.00038001118809916079
vertex 0.01153000071644783 0.0016799999866634607 4.9987735110335052e-05
vertex 0.045909997075796127 0.019829999655485153 0.066660001873970032
endloop
endfacet
facet normal -0.075122924224020157 -0.85978484140153322 0.50510055706975054
outer loop
vertex 0.0052000000141561031 0.010610000230371952 0.00010001838381867856
vertex 0.0025599999353289604 0.049890000373125076 0.066569998860359192
vertex -0.0026500001549720764 0.011289999820291996 8.9997352915816009e-05
endloop
endfacet
facet normal 0.047295237314912829 0.55818958075437553 0.82836438387015454
outer loop
vertex 0.0052000000141561031 0.010610000230371952 0.00010001838381867856
vertex -0.0026500001549720764 0.011289999820291996 8.9997352915816009e-05
vertex 0.00036000000545755029 0.010099999606609344 0.00072001846274361014
endloop
endfacet
facet normal 0.2713283352320085 0.31695979665959212 0.90879998998775136
outer loop
vertex 0.0044800001196563244 0.0089900000020861626 0.00087998242815956473
vertex 0.0088800005614757538 0.0050800004974007607 0.00093001307686790824
vertex 0.0052000000141561031 0.010610000230371952 0.00010001838381867856
endloop
endfacet
facet normal 0.017817947988103582 0.02264097492745697 -0.99958486732434459
outer loop
vertex -0.027799999341368675 -0.041260004043579102 0.57990002632141113
vertex -0.010859999805688858 -0.048409998416900635 0.58004003763198853
vertex -0.019340001046657562 -0.045710001140832901 0.57995003461837769
endloop
endfacet
facet normal -0.0087110542657840486 -0.0068621646334552106 -0.99993851222468766
outer loop
vertex -0.021730000153183937 -0.012529999949038029 0.57964998483657837
vertex -0.027799999341368675 -0.041260004043579102 0.57990002632141113
vertex -0.040859997272491455 -0.029050000011920929 0.57993000745773315
endloop
endfacet
facet normal -0.011897867331204759 -0.0031716237337597545 -0.99992418790419324
outer loop
vertex -0.046199999749660492 -0.018470000475645065 0.57995998859405518
vertex -0.021730000153183937 -0.012529999949038029 0.57964998483657837
vertex -0.040859997272491455 -0.029050000011920929 0.57993000745773315
endloop
endfacet
facet normal 0.012103930323594745 -0.01125924533587507 -0.99986335279636485
outer loop
vertex -0.021730000153183937 -0.012529999949038029 0.57964998483657837
vertex -0.012760000303387642 -0.021540001034736633 0.57986003160476685
vertex -0.027799999341368675 -0.041260004043579102 0.57990002632141113
endloop
endfacet
facet normal -0.010162865076845509 0.001664530689385138 -0.99994697134948818
outer loop
vertex -0.048079997301101685 0.012819999828934669 0.57995998859405518
vertex -0.021730000153183937 -0.012529999949038029 0.57964998483657837
vertex -0.048830002546310425 -0.0097700003534555435 0.57993000745773315
endloop
endfacet
facet normal -0.17320163264610178 -0.16816677452827045 -0.97042317078349005
outer loop
vertex -0.048079997301101685 0.012819999828934669 0.57995998859405518
vertex -0.024199999868869781 -0.006120000034570694 0.57898002862930298
vertex -0.021730000153183937 -0.012529999949038029 0.57964998483657837
endloop
endfacet
facet normal 0.16703088664506457 0.98595166353577901 -8.8087093569048392e-06
outer loop
vertex -0.002360000042244792 -0.049850001931190491 0.57875001430511475
vertex -0.014960000291466713 -0.047720000147819519 0.066709995269775391
vertex -0.010859999805688858 -0.048409998416900635 0.58004003763198853
endloop
endfacet
facet normal 0.30339966532856244 0.9528627067088089 -0.0011424719157915586
outer loop
vertex -0.010859999805688858 -0.048409998416900635 0.58004003763198853
vertex -0.014960000291466713 -0.047720000147819519 0.066709995269775391
vertex -0.019340001046657562 -0.045710001140832901 0.57995003461837769
endloop
endfacet
facet normal 0.68293343080633617 0.73047913860604996 -0.001468723408435465
outer loop
vertex -0.027799999341368675 -0.041260004043579102 0.57990002632141113
vertex -0.037450000643730164 -0.033270001411437988 0.066680006682872772
vertex -0.040859997272491455 -0.029050000011920929 0.57993000745773315
endloop
endfacet
facet normal 0.37772355995546403 0.92591832799275176 -0.00040266819833489448
outer loop
vertex -0.019340001046657562 -0.045710001140832901 0.57995003461837769
vertex -0.014960000291466713 -0.047720000147819519 0.066709995269775391
vertex -0.023269999772310257 -0.044330000877380371 0.066660001873970032
endloop
endfacet
facet normal 0.68653981342883597 0.72709047493099843 -0.0015892896886258228
outer loop
vertex -0.031890001147985458 -0.038520000874996185 0.066639997065067291
vertex -0.037450000643730164 -0.033270001411437988 0.066680006682872772
vertex -0.027799999341368675 -0.041260004043579102 0.57990002632141113
endloop
endfacet
facet normal 0.89273348787670359 0.45058495060195736 0.0003491626083656985
outer loop
vertex -0.046199999749660492 -0.018470000475645065 0.57995998859405518
vertex -0.040859997272491455 -0.029050000011920929 0.57993000745773315
vertex -0.047679997980594635 -0.01513999979943037 0.066720016300678253
endloop
endfacet
facet normal -0.9331256187470538 -0.35955049261044375 0.00015133246571497104
outer loop
vertex -0.024199999868869781 -0.006120000034570694 0.57898002862930298
vertex -0.024149999022483826 -0.0064300000667572021 0.1507599949836731
vertex -0.021730000153183937 -0.012529999949038029 0.57964998483657837
endloop
endfacet
facet normal -0.3826411450957366 -0.92389704732961364 -3.9300342625390904e-06
outer loop
vertex -0.00684000039473176 -0.023990001529455185 0.15052001178264618
vertex -0.012760000303387642 -0.021540001034736633 0.57986003160476685
vertex -0.012489999644458294 -0.021649999544024467 0.15084001421928406
endloop
endfacet
facet normal 0.92171438131567374 0.38786542241355382 -0.0017359066277002244
outer loop
vertex -0.044439997524023056 -0.022839998826384544 0.06659998744726181
vertex -0.047679997980594635 -0.01513999979943037 0.066720016300678253
vertex -0.040859997272491455 -0.029050000011920929 0.57993000745773315
endloop
endfacet
facet normal -0.14240124323813186 -0.98980896298333576 -0.00032050286720247212
outer loop
vertex 0.00011000000085914508 -0.024989999830722809 0.15089000761508942
vertex -0.0010799999581649899 -0.024890001863241196 0.370790034532547
vertex -0.00684000039473176 -0.023990001529455185 0.15052001178264618
endloop
endfacet
facet normal -0.99129439123934027 -0.13166407816838546 -2.0432696796367422e-05
outer loop
vertex -0.024999998509883881 -4.9999998736893758e-05 0.27716997265815735
vertex -0.024149999022483826 -0.0064300000667572021 0.1507599949836731
vertex -0.024199999868869781 -0.006120000034570694 0.57898002862930298
endloop
endfacet
facet normal 0.83069646473894931 0.55672479448915591 0.00094163220976916089
outer loop
vertex -0.044439997524023056 -0.022839998826384544 0.06659998744726181
vertex -0.040859997272491455 -0.029050000011920929 0.57993000745773315
vertex -0.037450000643730164 -0.033270001411437988 0.066680006682872772
endloop
endfacet
facet normal -0.62947286078499487 -0.64390412738503122 -0.43491538518621747
outer loop
vertex -0.020509999245405197 -0.013060000725090504 0.14972999691963196
vertex -0.015210000798106194 -0.017119999974966049 0.14807000756263733
vertex -0.012489999644458294 -0.021649999544024467 0.15084001421928406
endloop
endfacet
facet normal -0.34781623740114276 -0.63220084320682657 -0.69234814858472005
outer loop
vertex -0.015210000798106194 -0.017119999974966049 0.14807000756263733
vertex -0.0088700000196695328 -0.019940000027418137 0.14745998382568359
vertex -0.012489999644458294 -0.021649999544024467 0.15084001421928406
endloop
endfacet
facet normal -0.073019239930612295 -0.75050506959885077 -0.65681833950216395
outer loop
vertex 0.00011000000085914508 -0.024989999830722809 0.15089000761508942
vertex -0.00684000039473176 -0.023990001529455185 0.15052001178264618
vertex 0 -0.022169999778270721 0.14767999947071075
endloop
endfacet
facet normal -0.14248973749348204 -0.64116120873023064 -0.75406165472634146
outer loop
vertex 0 -0.022169999778270721 0.14767999947071075
vertex -0.00684000039473176 -0.023990001529455185 0.15052001178264618
vertex -0.0088700000196695328 -0.019940000027418137 0.14745998382568359
endloop
endfacet
facet normal -0.73086202992906502 -0.68252411967335269 -0.0012325875552811783
outer loop
vertex -0.020509999245405197 -0.013060000725090504 0.14972999691963196
vertex -0.012489999644458294 -0.021649999544024467 0.15084001421928406
vertex -0.021730000153183937 -0.012529999949038029 0.57964998483657837
endloop
endfacet
facet normal -0.87670116424697808 -0.48103168107112182 -0.0018948387487297831
outer loop
vertex -0.024149999022483826 -0.0064300000667572021 0.1507599949836731
vertex -0.020509999245405197 -0.013060000725090504 0.14972999691963196
vertex -0.021730000153183937 -0.012529999949038029 0.57964998483657837
endloop
endfacet
facet normal -0.73389220674895139 -0.30894049353175473 -0.60494462583736552
outer loop
vertex -0.02054000087082386 -0.009190000593662262 0.14779001474380493
vertex -0.020509999245405197 -0.013060000725090504 0.14972999691963196
vertex -0.024149999022483826 -0.0064300000667572021 0.1507599949836731
endloop
endfacet
facet normal -0.052036541419259369 -0.02584121593237728 -0.9983107882399439
outer loop
vertex -0.020759999752044678 0.0063199996948242188 0.14740000665187836
vertex -0.0088700000196695328 -0.019940000027418137 0.14745998382568359
vertex -0.02054000087082386 -0.009190000593662262 0.14779001474380493
endloop
endfacet
facet normal -0.0038066697288479125 -0.024329841057254109 -0.99969673806595172
outer loop
vertex -0.0082900002598762512 -0.010169999673962593 0.14722000062465668
vertex 0.0051299999468028545 -0.021309999749064445 0.14744001626968384
vertex -0.0088700000196695328 -0.019940000027418137 0.14745998382568359
endloop
endfacet
facet normal -0.055942407312017696 -0.087036083690068614 -0.99463318223354669
outer loop
vertex -0.0082900002598762512 -0.010169999673962593 0.14722000062465668
vertex 0 -0.012870000675320625 0.14699000120162964
vertex 0.0051299999468028545 -0.021309999749064445 0.14744001626968384
endloop
endfacet
facet normal -0.98935306656306066 0.1444753719931777 -0.017532158158684159
outer loop
vertex -0.023180000483989716 -7.9999997979030013e-05 0.14835000038146973
vertex -0.024149999022483826 -0.0064300000667572021 0.1507599949836731
vertex -0.024939998984336853 0.00050999998347833753 0.25253000855445862
endloop
endfacet
facet normal -0.13216734972396468 -0.70122510935629978 -0.70058199925147147
outer loop
vertex -0.00012000000424450263 -0.010000000707805157 0.14414000511169434
vertex 0 -0.012870000675320625 0.14699000120162964
vertex -0.0039400001987814903 -0.009270000271499157 0.14412999153137207
endloop
endfacet
facet normal 0.030375866640915697 0.99953844054102581 0.00046109286201768068
outer loop
vertex 0.0047500003129243851 -0.049830000847578049 0.067000009119510651
vertex -0.007089999970048666 -0.049469999969005585 0.06659998744726181
vertex -0.002360000042244792 -0.049850001931190491 0.57875001430511475
endloop
endfacet
facet normal -0.18769963323740385 -0.98222567679095052 -0.0012520124213629786
outer loop
vertex -0.00012000000424450263 -0.010000000707805157 0.14414000511169434
vertex -0.0039400001987814903 -0.009270000271499157 0.14412999153137207
vertex -0.0051299999468028545 -0.0088599994778633118 0.00087998242815956473
endloop
endfacet
facet normal -0.89034607178678071 -0.45528180109820326 0.0015342889638823888
outer loop
vertex -0.0078100003302097321 -0.0063700000755488873 0.14419998228549957
vertex -0.0096100000664591789 -0.0028499998152256012 0.14418001472949982
vertex -0.009100000374019146 -0.0043299999088048935 0.00096000166377052665
endloop
endfacet
facet normal -0.99200925284206731 0.12601680781715274 0.0061160790787900716
outer loop
vertex -0.0085499994456768036 0.0054899998940527439 0.14426998794078827
vertex -0.010139999911189079 -6.0000002122251317e-05 0.00073000224074348807
vertex -0.0096100000664591789 -0.0028499998152256012 0.14418001472949982
endloop
endfacet
facet normal 0.32518243778377026 0.80445953755208321 0.49709278268598167
outer loop
vertex -0.0048600002191960812 -0.010679999366402626 0.00015999555762391537
vertex -0.023269999772310257 -0.044330000877380371 0.066660001873970032
vertex -0.014960000291466713 -0.047720000147819519 0.066709995269775391
endloop
endfacet
facet normal -0.59963577391488265 -0.80026851636849794 0.002690790007229377
outer loop
vertex -0.0039400001987814903 -0.009270000271499157 0.14412999153137207
vertex -0.0078100003302097321 -0.0063700000755488873 0.14419998228549957
vertex -0.0051299999468028545 -0.0088599994778633118 0.00087998242815956473
endloop
endfacet
facet normal 0.4838559409125735 0.71958739136791861 0.49807370401168743
outer loop
vertex -0.023269999772310257 -0.044330000877380371 0.066660001873970032
vertex -0.0048600002191960812 -0.010679999366402626 0.00015999555762391537
vertex -0.031890001147985458 -0.038520000874996185 0.066639997065067291
endloop
endfacet
facet normal 0.79989744387198847 0.33203029010557361 0.49991995933295968
outer loop
vertex -0.047679997980594635 -0.01513999979943037 0.066720016300678253
vertex -0.0096199996769428253 -0.0066299997270107269 0.00017001658852677792
vertex -0.011390000581741333 -0.0021399999968707561 1.999914638872724e-05
endloop
endfacet
facet normal 0.10797535867547471 0.85695906892314788 0.50394689810462567
outer loop
vertex 0.001829999964684248 -0.011470000259578228 6.9992544013075531e-05
vertex -0.0048600002191960812 -0.010679999366402626 0.00015999555762391537
vertex -0.007089999970048666 -0.049469999969005585 0.06659998744726181
endloop
endfacet
facet normal -0.42322855190023922 -0.054367273727155337 0.90439028765456297
outer loop
vertex -0.010139999911189079 -6.0000002122251317e-05 0.00073000224074348807
vertex -0.011390000581741333 -0.0021399999968707561 1.999914638872724e-05
vertex -0.009100000374019146 -0.0043299999088048935 0.00096000166377052665
endloop
endfacet
facet normal -0.22765556010586577 -0.26988050949472503 0.93559470741756134
outer loop
vertex -0.009100000374019146 -0.0043299999088048935 0.00096000166377052665
vertex -0.0096199996769428253 -0.0066299997270107269 0.00017001658852677792
vertex -0.0048600002191960812 -0.010679999366402626 0.00015999555762391537
endloop
endfacet
facet normal 0.021457580406118268 0.73439076967687211 -0.67838762492879112
outer loop
vertex -0.002360000042244792 -0.049850001931190491 0.57875001430511475
vertex -0.010859999805688858 -0.048409998416900635 0.58004003763198853
vertex 0.008829999715089798 -0.049049999564886093 0.57997000217437744
endloop
endfacet
facet normal 0.0020630492077750237 -0.00022871185834110548 -0.99999784575710571
outer loop
vertex 0.0067400000989437103 -0.024119999259710312 0.57995998859405518
vertex 0.040029998868703842 -0.02979000099003315 0.58002996444702148
vertex 0.008829999715089798 -0.049049999564886093 0.57997000217437744
endloop
endfacet
facet normal -0.0032163263324917583 -0.031219193580688111 -0.99950738726489385
outer loop
vertex 0.040029998868703842 -0.02979000099003315 0.58002996444702148
vertex 0.0067400000989437103 -0.024119999259710312 0.57995998859405518
vertex 0.012760000303387642 -0.021540001034736633 0.57986003160476685
endloop
endfacet
facet normal 0.0044942117804699947 -0.0057419607450271224 -0.99997341562027275
outer loop
vertex 0.017729999497532845 -0.017650000751018524 0.57986003160476685
vertex 0.040029998868703842 -0.02979000099003315 0.58002996444702148
vertex 0.012760000303387642 -0.021540001034736633 0.57986003160476685
endloop
endfacet
facet normal -0.69159536861237214 0.32111748412040869 -0.6469771305897114
outer loop
vertex 0.048229999840259552 -0.012210000306367874 0.57999002933502197
vertex 0.04457000270485878 -0.022470001131296158 0.57881003618240356
vertex 0.040029998868703842 -0.02979000099003315 0.58002996444702148
endloop
endfacet
facet normal -0.010821981364519478 -0.033867839198593444 -0.99936772720924105
outer loop
vertex 0.021710000932216644 -0.012430000118911266 0.57964003086090088
vertex 0.040029998868703842 -0.02979000099003315 0.58002996444702148
vertex 0.017729999497532845 -0.017650000751018524 0.57986003160476685
endloop
endfacet
facet normal 0.0017697604642224222 -0.0030970929089567853 -0.99999363796146856
outer loop
vertex 0.024149999022483826 -0.0065900003537535667 0.57993000745773315
vertex 0.048229999840259552 -0.012210000306367874 0.57999002933502197
vertex 0.040029998868703842 -0.02979000099003315 0.58002996444702148
endloop
endfacet
facet normal -0.7207931917735676 0.00055338131175679945 -0.69314996101997806
outer loop
vertex 0.04822000116109848 0.012319999746978283 0.58002001047134399
vertex 0.0502299964427948 0 0.57792001962661743
vertex 0.048229999840259552 -0.012210000306367874 0.57999002933502197
endloop
endfacet
facet normal -0.84985629979346566 0.52701425260232571 -0.00049724779641815075
outer loop
vertex 0.04457000270485878 -0.022470001131296158 0.57881003618240356
vertex 0.04149000346660614 -0.02792000025510788 0.066649980843067169
vertex 0.040029998868703842 -0.02979000099003315 0.58002996444702148
endloop
endfacet
facet normal -0.94183498516901321 0.33607458244782867 -0.00085775532772216687
outer loop
vertex 0.048229999840259552 -0.012210000306367874 0.57999002933502197
vertex 0.046709999442100525 -0.0177800003439188 0.066619992256164551
vertex 0.04457000270485878 -0.022470001131296158 0.57881003618240356
endloop
endfacet
facet normal -0.98687491364382529 0.16148356291600105 -0.00098169671809618625
outer loop
vertex 0.0502299964427948 0 0.57792001962661743
vertex 0.049750000238418579 -0.0047699999995529652 0.27581003308296204
vertex 0.048229999840259552 -0.012210000306367874 0.57999002933502197
endloop
endfacet
facet normal -0.21386851985873981 0.97686207303706063 -0.00086398794440903468
outer loop
vertex 0.017020000144839287 -0.046689998358488083 0.57995003461837769
vertex 0.016809999942779541 -0.047189999371767044 0.066610008478164673
vertex 0.0047500003129243851 -0.049830000847578049 0.067000009119510651
endloop
endfacet
facet normal 0.13020064391285685 -0.9914869183975451 -0.0012177730565753463
outer loop
vertex 0.0067400000989437103 -0.024119999259710312 0.57995998859405518
vertex -0.00018999999156221747 -0.025030000135302544 0.57993000745773315
vertex -0.0010799999581649899 -0.024890001863241196 0.370790034532547
endloop
endfacet
facet normal -0.97553070806100639 0.21986264968134223 0.00050289670031581474
outer loop
vertex 0.049750000238418579 -0.0047699999995529652 0.27581003308296204
vertex 0.046709999442100525 -0.0177800003439188 0.066619992256164551
vertex 0.048229999840259552 -0.012210000306367874 0.57999002933502197
endloop
endfacet
facet normal 0.92270433895338511 -0.38550835721147669 -9.693660265790689e-05
outer loop
vertex 0.024149999022483826 -0.0065900003537535667 0.57993000745773315
vertex 0.021710000932216644 -0.012430000118911266 0.57964003086090088
vertex 0.024129999801516533 -0.0065300003625452518 0.15094998478889465
endloop
endfacet
facet normal 0.60852912988251884 -0.79353153493196693 -3.3954987286461603e-05
outer loop
vertex 0.017729999497532845 -0.017650000751018524 0.57986003160476685
vertex 0.012489999644458294 -0.021649999544024467 0.15084001421928406
vertex 0.017680000513792038 -0.017669999971985817 0.15117998421192169
endloop
endfacet
facet normal -0.77535913942043788 0.63151856241903759 -0.0015843728696441739
outer loop
vertex 0.036309998482465744 -0.034280002117156982 0.066590003669261932
vertex 0.031679999083280563 -0.038680002093315125 0.57861006259918213
vertex 0.04149000346660614 -0.02792000025510788 0.066649980843067169
endloop
endfacet
facet normal 0.80383850932457312 -0.59484751762576882 -0.00028583440841424708
outer loop
vertex 0.021180000156164169 -0.012939999811351299 0.15050001442432404
vertex 0.021710000932216644 -0.012430000118911266 0.57964003086090088
vertex 0.017680000513792038 -0.017669999971985817 0.15117998421192169
endloop
endfacet
facet normal 0.99164983356125924 -0.12895969706662638 -6.4268272126691666e-05
outer loop
vertex 0.025019999593496323 9.9999997473787516e-05 0.57986003160476685
vertex 0.024149999022483826 -0.0065900003537535667 0.57993000745773315
vertex 0.024129999801516533 -0.0065300003625452518 0.15094998478889465
endloop
endfacet
facet normal 0.98956485061642618 0.14402461873852995 -0.0042796754212549295
outer loop
vertex 0.023180000483989716 -7.9999997979030013e-05 0.14835000038146973
vertex 0.025019999593496323 9.9999997473787516e-05 0.57986003160476685
vertex 0.024129999801516533 -0.0065300003625452518 0.15094998478889465
endloop
endfacet
facet normal 0.075176389886450562 -0.99716988037530363 0.00086027666666399082
outer loop
vertex 0.0067400000989437103 -0.024119999259710312 0.57995998859405518
vertex -0.0010799999581649899 -0.024890001863241196 0.370790034532547
vertex 0.00011000000085914508 -0.024989999830722809 0.15089000761508942
endloop
endfacet
facet normal 0.15094820900413905 -0.98854161803334983 -0.00032804641336910411
outer loop
vertex 0.0069199996069073677 -0.02395000122487545 0.15050999820232391
vertex 0.0067400000989437103 -0.024119999259710312 0.57995998859405518
vertex 0.00011000000085914508 -0.024989999830722809 0.15089000761508942
endloop
endfacet
facet normal 0.077384602772588865 -0.74770203840444949 -0.65950988242751896
outer loop
vertex 0.0069199996069073677 -0.02395000122487545 0.15050999820232391
vertex 0.00011000000085914508 -0.024989999830722809 0.15089000761508942
vertex 0 -0.022169999778270721 0.14767999947071075
endloop
endfacet
facet normal 0.53435062272283451 -0.65072271253547154 -0.53947137401923118
outer loop
vertex 0.017680000513792038 -0.017669999971985817 0.15117998421192169
vertex 0.012489999644458294 -0.021649999544024467 0.15084001421928406
vertex 0.015210000798106194 -0.017119999974966049 0.14807000756263733
endloop
endfacet
facet normal 0.30203306295186738 -0.62861264823421281 -0.71667438028987973
outer loop
vertex 0.0051299999468028545 -0.021309999749064445 0.14744001626968384
vertex 0.012489999644458294 -0.021649999544024467 0.15084001421928406
vertex 0.0069199996069073677 -0.02395000122487545 0.15050999820232391
endloop
endfacet
facet normal 0.2641231838468836 -0.76041531028649945 -0.59330219925133609
outer loop
vertex 0.0039400001987814903 -0.009270000271499157 0.14412999153137207
vertex 0.0082900002598762512 -0.010169999673962593 0.14722000062465668
vertex 0 -0.012870000675320625 0.14699000120162964
endloop
endfacet
facet normal 0.57588844422133678 -0.41200430445063146 -0.70611964490904755
outer loop
vertex 0.021180000156164169 -0.012939999811351299 0.15050001442432404
vertex 0.015210000798106194 -0.017119999974966049 0.14807000756263733
vertex 0.02054000087082386 -0.009190000593662262 0.14779001474380493
endloop
endfacet
facet normal 0.049077575251115647 -0.032837655633268258 -0.99825501750804235
outer loop
vertex 0.012769998982548714 -0.0031699999235570431 0.14720998704433441
vertex 0.02054000087082386 -0.009190000593662262 0.14779001474380493
vertex 0.0082900002598762512 -0.010169999673962593 0.14722000062465668
endloop
endfacet
facet normal 0.50277149857123948 -0.3229207162929586 -0.80183728474876537
outer loop
vertex 0.0039400001987814903 -0.009270000271499157 0.14412999153137207
vertex 0.012769998982548714 -0.0031699999235570431 0.14720998704433441
vertex 0.0082900002598762512 -0.010169999673962593 0.14722000062465668
endloop
endfacet
facet normal 0.57229298100443071 -0.50037398129549171 -0.64969733163647914
outer loop
vertex 0.0096100000664591789 -0.0028499998152256012 0.14418001472949982
vertex 0.012769998982548714 -0.0031699999235570431 0.14720998704433441
vertex 0.0039400001987814903 -0.009270000271499157 0.14412999153137207
endloop
endfacet
facet normal 0.71815036081480976 -0.16658167907942065 -0.67565568410000054
outer loop
vertex 0.023180000483989716 -7.9999997979030013e-05 0.14835000038146973
vertex 0.024129999801516533 -0.0065300003625452518 0.15094998478889465
vertex 0.02054000087082386 -0.009190000593662262 0.14779001474380493
endloop
endfacet
facet normal 0.29969311954805034 -0.028230228126775538 -0.95361789429281796
outer loop
vertex 0.020759999752044678 0.0063199996948242188 0.14740000665187836
vertex 0.023180000483989716 -7.9999997979030013e-05 0.14835000038146973
vertex 0.02054000087082386 -0.009190000593662262 0.14779001474380493
endloop
endfacet
facet normal 0.68679006896182071 -0.06911713131514971 -0.72356217655028232
outer loop
vertex 0.0099499998614192009 0.0016799999866634607 0.14407001435756683
vertex 0.012769998982548714 -0.0031699999235570431 0.14720998704433441
vertex 0.0096100000664591789 -0.0028499998152256012 0.14418001472949982
endloop
endfacet
facet normal 0.99719685173723649 -0.074801896485367086 0.0017649837213194383
outer loop
vertex 0.010049999691545963 -0.00037000002339482307 0.00068999262293800712
vertex 0.0099499998614192009 0.0016799999866634607 0.14407001435756683
vertex 0.0096100000664591789 -0.0028499998152256012 0.14418001472949982
endloop
endfacet
facet normal -0.88910379486932511 0.45770538021878249 0.00047630635623691677
outer loop
vertex 0.046709999442100525 -0.0177800003439188 0.066619992256164551
vertex 0.04149000346660614 -0.02792000025510788 0.066649980843067169
vertex 0.04457000270485878 -0.022470001131296158 0.57881003618240356
endloop
endfacet
facet normal 0.22620517133952089 -0.9740795299302788 0.00053835867698990582
outer loop
vertex 0.0051299999468028545 -0.0088599994778633118 0.00087998242815956473
vertex -0.00012000000424450263 -0.010000000707805157 0.14414000511169434
vertex -7.9999997979030013e-05 -0.010069999843835831 0.00068000884493812919
endloop
endfacet
facet normal -0.47103669042775642 0.88211335737797147 0.00067897439516310292
outer loop
vertex 0.029020000249147415 -0.040670000016689301 0.06657998263835907
vertex 0.016809999942779541 -0.047189999371767044 0.066610008478164673
vertex 0.02549000084400177 -0.042949996888637543 0.57978999614715576
endloop
endfacet
facet normal 0.009595547191756551 0.86774490809123039 0.4969171962770384
outer loop
vertex 0.001829999964684248 -0.011470000259578228 6.9992544013075531e-05
vertex -0.007089999970048666 -0.049469999969005585 0.06659998744726181
vertex 0.0047500003129243851 -0.049830000847578049 0.067000009119510651
endloop
endfacet
facet normal -0.57209174941481222 0.65188752073194167 0.49774862186194135
outer loop
vertex 0.0066199996508657932 -0.0097200004383921623 0.00029999195248819888
vertex 0.029020000249147415 -0.040670000016689301 0.06657998263835907
vertex 0.036309998482465744 -0.034280002117156982 0.066590003669261932
endloop
endfacet
facet normal -0.77170919097746327 0.39873539273603792 0.49545434819017053
outer loop
vertex 0.010560000315308571 -0.005350000225007534 0.00031001298339106143
vertex 0.04149000346660614 -0.02792000025510788 0.066649980843067169
vertex 0.046709999442100525 -0.0177800003439188 0.066619992256164551
endloop
endfacet
facet normal -0.31779333387593106 0.80373661277900343 0.50300581927305288
outer loop
vertex 0.001829999964684248 -0.011470000259578228 6.9992544013075531e-05
vertex 0.016809999942779541 -0.047189999371767044 0.066610008478164673
vertex 0.0066199996508657932 -0.0097200004383921623 0.00029999195248819888
endloop
endfacet
facet normal -0.40810108489865327 0.76653428314164196 0.49586157067580006
outer loop
vertex 0.029020000249147415 -0.040670000016689301 0.06657998263835907
vertex 0.0066199996508657932 -0.0097200004383921623 0.00029999195248819888
vertex 0.016809999942779541 -0.047189999371767044 0.066610008478164673
endloop
endfacet
facet normal -0.64465768743174989 0.58008282861877458 0.49791603506694765
outer loop
vertex 0.0066199996508657932 -0.0097200004383921623 0.00029999195248819888
vertex 0.04149000346660614 -0.02792000025510788 0.066649980843067169
vertex 0.010560000315308571 -0.005350000225007534 0.00031001298339106143
endloop
endfacet
facet normal -0.83313812125001863 0.23863649626143033 0.49893235370344324
outer loop
vertex 0.049040000885725021 -0.0095199998468160629 0.066560015082359314
vertex 0.010560000315308571 -0.005350000225007534 0.00031001298339106143
vertex 0.046709999442100525 -0.0177800003439188 0.066619992256164551
endloop
endfacet
facet normal -0.85289607748216933 0.13632347480364776 0.50396844269556074
outer loop
vertex 0.01153000071644783 0.0016799999866634607 4.9987735110335052e-05
vertex 0.010560000315308571 -0.005350000225007534 0.00031001298339106143
vertex 0.049040000885725021 -0.0095199998468160629 0.066560015082359314
endloop
endfacet
facet normal 0.044681228734883463 -0.34719808644752065 0.93672678864539838
outer loop
vertex 0.0051299999468028545 -0.0088599994778633118 0.00087998242815956473
vertex -7.9999997979030013e-05 -0.010069999843835831 0.00068000884493812919
vertex 0.001829999964684248 -0.011470000259578228 6.9992544013075531e-05
endloop
endfacet
facet normal 0.19190894900960953 -0.055111389479575112 0.97986411815090846
outer loop
vertex 0.010049999691545963 -0.00037000002339482307 0.00068999262293800712
vertex 0.0089900000020861626 -0.0049499999731779099 0.00063999922713264823
vertex 0.010560000315308571 -0.005350000225007534 0.00031001298339106143
endloop
endfacet
facet normal -0.0011678937118194705 0.0090506672979533808 -0.99995835985591897
outer loop
vertex -0.048079997301101685 0.012819999828934669 0.57995998859405518
vertex -0.021480001509189606 0.012939999811351299 0.57993000745773315
vertex -0.024229999631643295 0.0070600002072751522 0.5798799991607666
endloop
endfacet
facet normal 0.00099435326426219016 0.011533463382792684 -0.99993299299702254
outer loop
vertex -0.027719998732209206 0.036140002310276031 0.58000004291534424
vertex -0.0075099999085068703 0.023990001529455185 0.5798799991607666
vertex -0.016520000994205475 0.018699999898672104 0.57981002330780029
endloop
endfacet
facet normal -0.0010007181214256788 0.00016761299054349218 -0.99999948523443094
outer loop
vertex 0.014220000244677067 0.04757000133395195 0.57995998859405518
vertex 0.0004400000034365803 0.025040000677108765 0.57997000217437744
vertex -0.027719998732209206 0.036140002310276031 0.58000004291534424
endloop
endfacet
facet normal -0.0079942035860127297 0.004921768199298974 -0.9999559334824798
outer loop
vertex -0.022690000012516975 0.044309999793767929 0.58000004291534424
vertex -0.011429999954998493 0.048369996249675751 0.57993000745773315
vertex -0.027719998732209206 0.036140002310276031 0.58000004291534424
endloop
endfacet
facet normal -0.0025904329538387677 -0.12026082378846058 -0.99273895053978445
outer loop
vertex 0.0084600001573562622 0.049180001020431519 0.5797799825668335
vertex 0.014220000244677067 0.04757000133395195 0.57995998859405518
vertex -0.011429999954998493 0.048369996249675751 0.57993000745773315
endloop
endfacet
facet normal 0.95659918945043931 -0.29140677710383833 0.00028460624794703315
outer loop
vertex -0.046199999749660492 0.018990000709891319 0.57846999168395996
vertex -0.048079997301101685 0.012819999828934669 0.57995998859405518
vertex -0.049490001052618027 0.007689999882131815 0.066590003669261932
endloop
endfacet
facet normal -0.98351972937532783 -0.18079508136481037 -0.0014423882186368315
outer loop
vertex -0.024939998984336853 0.00050999998347833753 0.25253000855445862
vertex -0.024199999868869781 -0.006120000034570694 0.57898002862930298
vertex -0.025150001049041748 -0.00096000003395602107 0.57997995615005493
endloop
endfacet
facet normal 0.49900107366577157 -0.86660090860894545 0.00089088638856300796
outer loop
vertex -0.032019998878240585 0.038410000503063202 0.066730000078678131
vertex -0.022690000012516975 0.044309999793767929 0.58000004291534424
vertex -0.029200000688433647 0.040559999644756317 0.57858997583389282
endloop
endfacet
facet normal 0.99072583930113578 0.13587511691047416 0.00051375638689559182
outer loop
vertex -0.024939998984336853 0.00050999998347833753 0.25253000855445862
vertex -0.024969998747110367 -0.00049999996554106474 0.57749998569488525
vertex -0.024199999868869781 -0.006120000034570694 0.57898002862930298
endloop
endfacet
facet normal -0.50631456159292965 0.86234826783918406 0.0010147283963057533
outer loop
vertex -0.0075099999085068703 0.023990001529455185 0.5798799991607666
vertex -0.012560000643134117 0.021530000492930412 0.15069000422954559
vertex -0.016520000994205475 0.018699999898672104 0.57981002330780029
endloop
endfacet
facet normal -0.75776553420586445 0.6525268565138691 0.00031096274603095958
outer loop
vertex -0.017540000379085541 0.017719998955726624 0.15068002045154572
vertex -0.021480001509189606 0.012939999811351299 0.57993000745773315
vertex -0.016520000994205475 0.018699999898672104 0.57981002330780029
endloop
endfacet
facet normal -0.13093826133282685 0.99139052432376218 -4.3849402672218421e-07
outer loop
vertex 0.0004400000034365803 0.025040000677108765 0.57997000217437744
vertex 0.0002899999963119626 0.025019999593496323 0.15089999139308929
vertex -0.0075099999085068703 0.023990001529455185 0.5798799991607666
endloop
endfacet
facet normal -0.13459976118281594 0.99090004523129505 -6.8191980135201785e-05
outer loop
vertex 0.0002899999963119626 0.025019999593496323 0.15089999139308929
vertex -0.0066299997270107269 0.024079998955130577 0.15066000819206238
vertex -0.0075099999085068703 0.023990001529455185 0.5798799991607666
endloop
endfacet
facet normal -0.99294599445950982 0.11856717693532477 0.00027684003048835716
outer loop
vertex -0.024939998984336853 0.00050999998347833753 0.25253000855445862
vertex -0.024999998509883881 -4.9999998736893758e-05 0.27716997265815735
vertex -0.024969998747110367 -0.00049999996554106474 0.57749998569488525
endloop
endfacet
facet normal 0.99955360054852282 -0.029875648303200598 0.00021276500482328323
outer loop
vertex -0.049490001052618027 0.007689999882131815 0.066590003669261932
vertex -0.049830000847578049 -3.0000001061125658e-05 0.57986998558044434
vertex -0.049840003252029419 -0.0040199998766183853 0.06659998744726181
endloop
endfacet
facet normal -0.92659539369983468 0.37605980334700556 -2.6093293316504859e-05
outer loop
vertex -0.021889999508857727 0.011900000274181366 0.15071000158786774
vertex -0.02411000058054924 0.0064300000667572021 0.15054002404212952
vertex -0.021480001509189606 0.012939999811351299 0.57993000745773315
endloop
endfacet
facet normal 0.89007040694759587 -0.45582291398118024 -0.00037651805615925558
outer loop
vertex -0.042419999837875366 0.026370000094175339 0.5797799825668335
vertex -0.046199999749660492 0.018990000709891319 0.57846999168395996
vertex -0.044449999928474426 0.022829998284578323 0.06657998263835907
endloop
endfacet
facet normal 0.56840625258546917 -0.82274757168241619 -0.00087482137094104775
outer loop
vertex -0.022690000012516975 0.044309999793767929 0.58000004291534424
vertex -0.032019998878240585 0.038410000503063202 0.066730000078678131
vertex -0.024999998509883881 0.043260000646114349 0.06659998744726181
endloop
endfacet
facet normal 0.20925575795384779 -0.97786046129166615 -0.00097262819754727543
outer loop
vertex -0.0028499998152256012 0.049840003252029419 0.5787699818611145
vertex -0.014949999749660492 0.047760002315044403 0.066709995269775391
vertex -0.0071000000461935997 0.049440000206232071 0.066560015082359314
endloop
endfacet
facet normal 0.97140835692797378 -0.23741271878430892 -0.0010025217887572727
outer loop
vertex -0.046199999749660492 0.018990000709891319 0.57846999168395996
vertex -0.049490001052618027 0.007689999882131815 0.066590003669261932
vertex -0.047960001975297928 0.013950000517070293 0.066639997065067291
endloop
endfacet
facet normal -0.99056119018787292 -0.13613852933731915 -0.015963374438276046
outer loop
vertex -0.02411000058054924 0.0064300000667572021 0.15054002404212952
vertex -0.023180000483989716 -7.9999997979030013e-05 0.14835000038146973
vertex -0.024939998984336853 0.00050999998347833753 0.25253000855445862
endloop
endfacet
facet normal -0.65033167655691193 0.2858085776233365 -0.70383390613382735
outer loop
vertex -0.021889999508857727 0.011900000274181366 0.15071000158786774
vertex -0.020759999752044678 0.0063199996948242188 0.14740000665187836
vertex -0.02411000058054924 0.0064300000667572021 0.15054002404212952
endloop
endfacet
facet normal -0.62947376651746201 0.29816215530155765 -0.71753892327332969
outer loop
vertex -0.017610000446438789 0.013620000332593918 0.14767001569271088
vertex -0.020759999752044678 0.0063199996948242188 0.14740000665187836
vertex -0.021889999508857727 0.011900000274181366 0.15071000158786774
endloop
endfacet
facet normal -0.02022785079666772 0.01222974164156024 -0.99972059470210395
outer loop
vertex -0.0061400001868605614 0.011699999682605267 0.14717000722885132
vertex -0.012070000171661377 0.0051599997095763683 0.14720998704433441
vertex -0.020759999752044678 0.0063199996948242188 0.14740000665187836
endloop
endfacet
facet normal -0.030250863271583148 0.039508011305599222 -0.99876123388625793
outer loop
vertex -0.008829999715089798 0.020509999245405197 0.14759998023509979
vertex -0.0061400001868605614 0.011699999682605267 0.14717000722885132
vertex -0.020759999752044678 0.0063199996948242188 0.14740000665187836
endloop
endfacet
facet normal -0.11640537765417928 0.68675044916957773 -0.71751209649633862
outer loop
vertex -0.0066299997270107269 0.024079998955130577 0.15066000819206238
vertex 0 0.021850001066923141 0.14745000004768372
vertex -0.008829999715089798 0.020509999245405197 0.14759998023509979
endloop
endfacet
facet normal -0 -0.111230819099392 -0.99379459894008193
outer loop
vertex 0 0.021850001066923141 0.14745000004768372
vertex 0.008829999715089798 0.020509999245405197 0.14759998023509979
vertex -0.008829999715089798 0.020509999245405197 0.14759998023509979
endloop
endfacet
facet normal -0.64308448115565431 0.054040623281483437 -0.76388609172579647
outer loop
vertex -0.012070000171661377 0.0051599997095763683 0.14720998704433441
vertex -0.0085499994456768036 0.0054899998940527439 0.14426998794078827
vertex -0.012769998982548714 -0.0031699999235570431 0.14720998704433441
endloop
endfacet
facet normal -0.4110768734373918 0.51181337336028776 -0.75436256201809315
outer loop
vertex -0.0061400001868605614 0.011699999682605267 0.14717000722885132
vertex -0.0026699998416006565 0.0098000001162290573 0.14398999512195587
vertex -0.0085499994456768036 0.0054899998940527439 0.14426998794078827
endloop
endfacet
facet normal 0.83957121037868843 -0.54324948318057265 0.0004262948566236581
outer loop
vertex -0.042419999837875366 0.026370000094175339 0.5797799825668335
vertex -0.044449999928474426 0.022829998284578323 0.06657998263835907
vertex -0.039169996976852417 0.030990000814199448 0.066529989242553711
endloop
endfacet
facet normal 0.72008191655137099 -0.69388897183246123 0.00035808517765803147
outer loop
vertex -0.032019998878240585 0.038410000503063202 0.066730000078678131
vertex -0.036120001226663589 0.034419998526573181 0.57978999614715576
vertex -0.039169996976852417 0.030990000814199448 0.066529989242553711
endloop
endfacet
facet normal 0.4086646493097924 -0.91268461344997109 2.7860028868465799e-05
outer loop
vertex -0.022690000012516975 0.044309999793767929 0.58000004291534424
vertex -0.024999998509883881 0.043260000646114349 0.06659998744726181
vertex -0.014949999749660492 0.047760002315044403 0.066709995269775391
endloop
endfacet
facet normal -0.59109263570835024 0.80659842830276685 0.0029105791282911901
outer loop
vertex -0.0026699998416006565 0.0098000001162290573 0.14398999512195587
vertex -0.0044800001196563244 0.0089900000020861626 0.00087998242815956473
vertex -0.0085499994456768036 0.0054899998940527439 0.14426998794078827
endloop
endfacet
facet normal -0.6642620457360785 0.7474995410982288 -0.0006088123334398233
outer loop
vertex -0.0044800001196563244 0.0089900000020861626 0.00087998242815956473
vertex -0.0088800005614757538 0.0050800004974007607 0.00093001307686790824
vertex -0.0085499994456768036 0.0054899998940527439 0.14426998794078827
endloop
endfacet
facet normal 0.86599939302582574 -0.025458226638982805 0.49939656584251718
outer loop
vertex -0.049490001052618027 0.007689999882131815 0.066590003669261932
vertex -0.049840003252029419 -0.0040199998766183853 0.06659998744726181
vertex -0.011390000581741333 -0.0021399999968707561 1.999914638872724e-05
endloop
endfacet
facet normal 0.8083561448570008 -0.3161632764687628 0.4965894941342035
outer loop
vertex -0.044449999928474426 0.022829998284578323 0.06657998263835907
vertex -0.047960001975297928 0.013950000517070293 0.066639997065067291
vertex -0.010730000212788582 0.0048299999907612801 0.00022999376233201474
endloop
endfacet
facet normal 0.32086710082152214 -0.80457996975553647 0.49969528302613697
outer loop
vertex -0.014949999749660492 0.047760002315044403 0.066709995269775391
vertex -0.0058100000023841858 0.01039000041782856 0.00066998781403526664
vertex -0.0026500001549720764 0.011289999820291996 8.9997352915816009e-05
endloop
endfacet
facet normal 0.039800453056146448 -0.86546230177961125 0.49939055671374327
outer loop
vertex 0.0025599999353289604 0.049890000373125076 0.066569998860359192
vertex -0.0071000000461935997 0.049440000206232071 0.066560015082359314
vertex -0.0026500001549720764 0.011289999820291996 8.9997352915816009e-05
endloop
endfacet
facet normal 0.10677487885205617 0.24594024188118568 0.9633859676524007
outer loop
vertex -0.0058100000023841858 0.01039000041782856 0.00066998781403526664
vertex -0.0044800001196563244 0.0089900000020861626 0.00087998242815956473
vertex -0.0026500001549720764 0.011289999820291996 8.9997352915816009e-05
endloop
endfacet
facet normal -0.37117716012795299 0.39918645524960339 0.83837801124827005
outer loop
vertex -0.0074800001457333565 0.0086500002071261406 -0.00014998584811110049
vertex -0.010730000212788582 0.0048299999907612801 0.00022999376233201474
vertex -0.0088800005614757538 0.0050800004974007607 0.00093001307686790824
endloop
endfacet
facet normal 0.019221338833465725 0.0038598581311314016 -0.99980780234435884
outer loop
vertex 0.014220000244677067 0.04757000133395195 0.57995998859405518
vertex 0.017589999362826347 0.017850000411272049 0.5799100399017334
vertex 0.011500000022351742 0.022269999608397484 0.57981002330780029
endloop
endfacet
facet normal -0.014317117137682111 0.0074659400953590981 -0.99986963144969976
outer loop
vertex 0.014220000244677067 0.04757000133395195 0.57995998859405518
vertex 0.011500000022351742 0.022269999608397484 0.57981002330780029
vertex 0.0075099999085068703 0.023990001529455185 0.5798799991607666
endloop
endfacet
facet normal 0.008465734044225369 0.0026405195862336168 -0.99996067872862238
outer loop
vertex 0.014220000244677067 0.04757000133395195 0.57995998859405518
vertex 0.021480001509189606 0.012939999811351299 0.57993000745773315
vertex 0.017589999362826347 0.017850000411272049 0.5799100399017334
endloop
endfacet
facet normal -0.00069757531101695143 0.00071951263445676605 -0.99999949784500108
outer loop
vertex 0.014220000244677067 0.04757000133395195 0.57995998859405518
vertex 0.044860001653432846 0.021689999848604202 0.57991999387741089
vertex 0.021480001509189606 0.012939999811351299 0.57993000745773315
endloop
endfacet
facet normal 0.0031443498360718097 -0.0095460541506804716 -0.99994949168158531
outer loop
vertex 0.044860001653432846 0.021689999848604202 0.57991999387741089
vertex 0.04822000116109848 0.012319999746978283 0.58002001047134399
vertex 0.021480001509189606 0.012939999811351299 0.57993000745773315
endloop
endfacet
facet normal 0.013687048843650667 0.017749452806366878 -0.99974877925358141
outer loop
vertex 0.039360001683235168 0.030439998954534531 0.58000004291534424
vertex 0.044860001653432846 0.021689999848604202 0.57991999387741089
vertex 0.014220000244677067 0.04757000133395195 0.57995998859405518
endloop
endfacet
facet normal -0.012639538667919318 -0.020887352780302543 -0.9997019358569299
outer loop
vertex 0.024009998887777328 0.043560001999139786 0.57991999387741089
vertex 0.039360001683235168 0.030439998954534531 0.58000004291534424
vertex 0.014220000244677067 0.04757000133395195 0.57995998859405518
endloop
endfacet
facet normal -0.046465223110574015 -0.060446430291086567 -0.99708937017017163
outer loop
vertex 0.039360001683235168 0.030439998954534531 0.58000004291534424
vertex 0.024009998887777328 0.043560001999139786 0.57991999387741089
vertex 0.032159999012947083 0.038119997829198837 0.57986998558044434
endloop
endfacet
facet normal -0.94130669650360843 -0.33755178822092025 -0.00070241463723453895
outer loop
vertex 0.044860001653432846 0.021689999848604202 0.57991999387741089
vertex 0.045909997075796127 0.019829999655485153 0.066660001873970032
vertex 0.04822000116109848 0.012319999746978283 0.58002001047134399
endloop
endfacet
facet normal -0.84663569952463857 -0.53217286069565994 0.00019654369389415251
outer loop
vertex 0.039360001683235168 0.030439998954534531 0.58000004291534424
vertex 0.045909997075796127 0.019829999655485153 0.066660001873970032
vertex 0.044860001653432846 0.021689999848604202 0.57991999387741089
endloop
endfacet
facet normal -0.87871517487093131 -0.47734456081510485 -0.0013459984335588043
outer loop
vertex 0.039360001683235168 0.030439998954534531 0.58000004291534424
vertex 0.041450001299381256 0.028039999306201935 0.066709995269775391
vertex 0.045909997075796127 0.019829999655485153 0.066660001873970032
endloop
endfacet
facet normal 0.92930844195563955 0.36930449988916647 -7.7920436677244114e-05
outer loop
vertex 0.024199999868869781 0.0060700001195073128 0.15055999159812927
vertex 0.021759999915957451 0.012210000306367874 0.15078000724315643
vertex 0.024220000952482224 0.0061099999584257603 0.57867997884750366
endloop
endfacet
facet normal 0.99125821996147112 0.1319361130264218 -5.8636976911171911e-05
outer loop
vertex 0.024199999868869781 0.0060700001195073128 0.15055999159812927
vertex 0.024220000952482224 0.0061099999584257603 0.57867997884750366
vertex 0.025019999593496323 9.9999997473787516e-05 0.57986003160476685
endloop
endfacet
facet normal -0.9998846222278549 -0.015079963639872062 0.0018267262739400496
outer loop
vertex 0.049149997532367706 0.0096899997442960739 0.06675998866558075
vertex 0.049750000238418579 -0.0047699999995529652 0.27581003308296204
vertex 0.0502299964427948 0 0.57792001962661743
endloop
endfacet
facet normal -0.55517436410678223 -0.83173366653763769 -0.00073033313482530175
outer loop
vertex 0.028969999402761459 0.040699996054172516 0.066590003669261932
vertex 0.032159999012947083 0.038119997829198837 0.57986998558044434
vertex 0.024009998887777328 0.043560001999139786 0.57991999387741089
endloop
endfacet
facet normal -0.99627847170104045 -0.086137130134828196 -0.0030986508636723169
outer loop
vertex 0.049149997532367706 0.0096899997442960739 0.06675998866558075
vertex 0.049970000982284546 0.00020999999833293259 0.066639997065067291
vertex 0.049750000238418579 -0.0047699999995529652 0.27581003308296204
endloop
endfacet
facet normal 0.39504309640709284 0.91866238731535388 -0.00060836925566810311
outer loop
vertex 0.012560000643134117 0.021530000492930412 0.15069000422954559
vertex 0.0066299997270107269 0.024079998955130577 0.15066000819206238
vertex 0.011500000022351742 0.022269999608397484 0.57981002330780029
endloop
endfacet
facet normal -0.15083437991146548 -0.98855897931204906 0.00036641266835445922
outer loop
vertex 0.0084600001573562622 0.049180001020431519 0.5797799825668335
vertex 0.0025599999353289604 0.049890000373125076 0.066569998860359192
vertex 0.013439999893307686 0.048229999840259552 0.06675998866558075
endloop
endfacet
facet normal -0.35778184728069368 -0.93380451712287971 -0.0011285199686523822
outer loop
vertex 0.02054000087082386 0.045510001480579376 0.06648997962474823
vertex 0.024009998887777328 0.043560001999139786 0.57991999387741089
vertex 0.013439999893307686 0.048229999840259552 0.06675998866558075
endloop
endfacet
facet normal 0.60762801770632269 0.79422174161050529 0.00013134481541560733
outer loop
vertex 0.011500000022351742 0.022269999608397484 0.57981002330780029
vertex 0.017540000379085541 0.017719998955726624 0.15068002045154572
vertex 0.012560000643134117 0.021530000492930412 0.15069000422954559
endloop
endfacet
facet normal 0.6748680775443856 0.14786920377025162 -0.722971490785008
outer loop
vertex 0.024199999868869781 0.0060700001195073128 0.15055999159812927
vertex 0.023180000483989716 -7.9999997979030013e-05 0.14835000038146973
vertex 0.020759999752044678 0.0063199996948242188 0.14740000665187836
endloop
endfacet
facet normal 0.017958174306969363 0.02918232467243571 -0.9994127755348502
outer loop
vertex 0.008829999715089798 0.020509999245405197 0.14759998023509979
vertex 0.020759999752044678 0.0063199996948242188 0.14740000665187836
vertex 0.012070000171661377 0.0051599997095763683 0.14720998704433441
endloop
endfacet
facet normal 0.070183396323979061 0.040137505921649136 -0.99672627711865847
outer loop
vertex 0.008829999715089798 0.020509999245405197 0.14759998023509979
vertex 0.012070000171661377 0.0051599997095763683 0.14720998704433441
vertex 0.006029999814927578 0.011500000022351742 0.147039994597435
endloop
endfacet
facet normal 0.57272675086967506 0.52883185284086498 -0.62635528277421171
outer loop
vertex 0.012070000171661377 0.0051599997095763683 0.14720998704433441
vertex 0.0085499994456768036 0.0054899998940527439 0.14426998794078827
vertex 0.006029999814927578 0.011500000022351742 0.147039994597435
endloop
endfacet
facet normal 0.62622640066970658 0.46830337857621723 -0.62332370460168152
outer loop
vertex 0.017540000379085541 0.017719998955726624 0.15068002045154572
vertex 0.021759999915957451 0.012210000306367874 0.15078000724315643
vertex 0.017610000446438789 0.013620000332593918 0.14767001569271088
endloop
endfacet
facet normal 0.63525087897299215 0.30043075471329528 -0.71147570751673639
outer loop
vertex 0.020759999752044678 0.0063199996948242188 0.14740000665187836
vertex 0.017610000446438789 0.013620000332593918 0.14767001569271088
vertex 0.021759999915957451 0.012210000306367874 0.15078000724315643
endloop
endfacet
facet normal 0.42900082479433987 0.53931464373081628 -0.72463646567315321
outer loop
vertex 0.017540000379085541 0.017719998955726624 0.15068002045154572
vertex 0.017610000446438789 0.013620000332593918 0.14767001569271088
vertex 0.008829999715089798 0.020509999245405197 0.14759998023509979
endloop
endfacet
facet normal 0.31356850823863519 0.72194526457051911 -0.61682236146657343
outer loop
vertex 0.012560000643134117 0.021530000492930412 0.15069000422954559
vertex 0.008829999715089798 0.020509999245405197 0.14759998023509979
vertex 0.0066299997270107269 0.024079998955130577 0.15066000819206238
endloop
endfacet
facet normal 0.6319755354322879 0.27034335605407039 -0.72630667933903448
outer loop
vertex 0.012070000171661377 0.0051599997095763683 0.14720998704433441
vertex 0.0099499998614192009 0.0016799999866634607 0.14407001435756683
vertex 0.0085499994456768036 0.0054899998940527439 0.14426998794078827
endloop
endfacet
facet normal 0.13431193986741771 0.65178950851689976 -0.74641191000435503
outer loop
vertex 0.006029999814927578 0.011500000022351742 0.147039994597435
vertex -0.0026699998416006565 0.0098000001162290573 0.14398999512195587
vertex 0 0.012880000285804272 0.14715999364852905
endloop
endfacet
facet normal 0.44975461999981359 0.52245893682616407 -0.72440143644204469
outer loop
vertex 0.006029999814927578 0.011500000022351742 0.147039994597435
vertex 0.0085499994456768036 0.0054899998940527439 0.14426998794078827
vertex 0.0039200000464916229 0.0092399995774030685 0.14409999549388885
endloop
endfacet
facet normal 0.046532995669986615 -0.99891667574808363 0.00039398778536280831
outer loop
vertex 0.0025599999353289604 0.049890000373125076 0.066569998860359192
vertex -0.0028499998152256012 0.049840003252029419 0.5787699818611145
vertex -0.0071000000461935997 0.049440000206232071 0.066560015082359314
endloop
endfacet
facet normal 0.26016559968262126 0.96556378052806091 -0.00066818720490044664
outer loop
vertex 0.0044800001196563244 0.0089900000020861626 0.00087998242815956473
vertex 0.00036000000545755029 0.010099999606609344 0.00072001846274361014
vertex 0.0039200000464916229 0.0092399995774030685 0.14409999549388885
endloop
endfacet
facet normal 0.084607289660244972 0.99640683705785871 0.0038757709815236334
outer loop
vertex 0.0039200000464916229 0.0092399995774030685 0.14409999549388885
vertex 0.00036000000545755029 0.010099999606609344 0.00072001846274361014
vertex -0.0026699998416006565 0.0098000001162290573 0.14398999512195587
endloop
endfacet
facet normal -0.49558498856670941 -0.86855944905643678 5.0617321888960507e-05
outer loop
vertex 0.028969999402761459 0.040699996054172516 0.066590003669261932
vertex 0.024009998887777328 0.043560001999139786 0.57991999387741089
vertex 0.02054000087082386 0.045510001480579376 0.06648997962474823
endloop
endfacet
facet normal -0.60311456286137421 -0.61904331389191691 0.50302902460021859
outer loop
vertex 0.0052000000141561031 0.010610000230371952 0.00010001838381867856
vertex 0.0099600004032254219 0.0062000001780688763 0.00038001118809916079
vertex 0.036079999059438705 0.034570001065731049 0.066610008478164673
endloop
endfacet
facet normal -0.82753535557544189 -0.25951065600500112 0.49783476645618147
outer loop
vertex 0.01153000071644783 0.0016799999866634607 4.9987735110335052e-05
vertex 0.049149997532367706 0.0096899997442960739 0.06675998866558075
vertex 0.045909997075796127 0.019829999655485153 0.066660001873970032
endloop
endfacet
facet normal -0.43484613680454792 -0.75180206024215457 0.49568387054836877
outer loop
vertex 0.0052000000141561031 0.010610000230371952 0.00010001838381867856
vertex 0.028969999402761459 0.040699996054172516 0.066590003669261932
vertex 0.02054000087082386 0.045510001480579376 0.06648997962474823
endloop
endfacet
facet normal 0.42616643832356937 -0.025354699411012073 0.90428939287397403
outer loop
vertex 0.01153000071644783 0.0016799999866634607 4.9987735110335052e-05
vertex 0.010049999691545963 -0.00037000002339482307 0.00068999262293800712
vertex 0.010560000315308571 -0.005350000225007534 0.00031001298339106143
endloop
endfacet
facet normal 0.35527592322184931 0.035131953342822389 0.93410104605079014
outer loop
vertex 0.0088800005614757538 0.0050800004974007607 0.00093001307686790824
vertex 0.010049999691545963 -0.00037000002339482307 0.00068999262293800712
vertex 0.01153000071644783 0.0016799999866634607 4.9987735110335052e-05
endloop
endfacet
facet normal 0.39410990603878227 0.069982480847257736 0.91639502090341229
outer loop
vertex 0.0099600004032254219 0.0062000001780688763 0.00038001118809916079
vertex 0.0088800005614757538 0.0050800004974007607 0.00093001307686790824
vertex 0.01153000071644783 0.0016799999866634607 4.9987735110335052e-05
endloop
endfacet
facet normal 0.1970420010232829 0.27247371360620942 0.94177095157282364
outer loop
vertex 0.0099600004032254219 0.0062000001780688763 0.00038001118809916079
vertex 0.0052000000141561031 0.010610000230371952 0.00010001838381867856
vertex 0.0088800005614757538 0.0050800004974007607 0.00093001307686790824
endloop
endfacet
facet normal 0.073943492669012095 0.40574164085073322 0.91099181158321196
outer loop
vertex 0.0052000000141561031 0.010610000230371952 0.00010001838381867856
vertex 0.00036000000545755029 0.010099999606609344 0.00072001846274361014
vertex 0.0044800001196563244 0.0089900000020861626 0.00087998242815956473
endloop
endfacet
endsolid DEMgeoFile
